s1,s2,x1,x2,x3,x4,x5,x6,x7,x8,F_effect,spatial_effect,m,y
0.4674529758167042,0.9192275075975627,-0.806381418566077,-0.4458170415272226,0.16692470240734486,0.03389320434765954,-0.43912670415276095,-1.2083381427638669,-1.8206672244049227,-2.409067212599289,-0.19182825200844517,0.0,-0.19182825200844517,0
0.5551212208935662,0.47120181486399937,-0.653992463727867,-0.6843083863512871,-1.85025330642177,-0.7825989809239393,-0.1524574236327991,1.055066756210552,-0.1317740164673396,-0.8800436154989482,-1.0529992584984202,1.380775701899433,0.32777644340101286,1
0.02508520808057957,0.5079481677957849,0.9613340376912267,1.3298386071539356,0.5522267169681285,-1.7233909017314883,0.7004710626145176,-0.6123693935464835,-0.14029595921717017,0.7671246568767855,0.9098666575840254,0.924943126433963,1.8348097840179884,1
0.10995682147426988,0.6978966207891065,1.4235469967937022,-0.6651318179496843,0.6676268708707885,-1.4433451712763656,0.28290941587862173,-0.8032606227630829,1.4921778042514118,-1.2760535361710723,0.9702795370028243,0.0,0.9702795370028243,1
0.6609841845940883,0.013640455630977155,1.6103687280711136,0.1489692039053888,-0.061351793946760866,1.0745509703183562,0.027875720137143557,-1.1576942140823332,0.24616775983603492,-1.0404733526888197,-0.01236972015665874,0.0,-0.01236972015665874,0
0.8360249581665202,0.1968166324602223,0.21964380997535013,0.31018258490374584,0.5505588828849779,0.9247002980988209,1.2249832840504613,0.13214032750082808,-0.8540960420802522,1.45664325919633,0.7480616921405183,0.0,0.7480616921405183,1
0.7306980414323327,0.030139384328393803,-1.1877269955356975,0.5653343525364777,1.7637284611686348,0.4148228050686298,0.9245375876280078,1.7297444771250063,-0.45236399149845014,-0.22489988857667287,-0.21101999351718004,0.0,-0.21101999351718004,0
0.22730113769497662,0.7061037654488609,0.6515630793045432,1.1459150532594755,-0.461253975128628,0.2883400194927512,2.0184286798796705,0.9740184780377379,0.7290095608948278,0.649254018000211,0.13484871280759123,0.0,0.13484871280759123,1
0.7437416835871772,0.31531334207226425,0.06372193824091185,-0.8339327076766108,-0.6639767805721962,0.9283520433368686,0.25295642871713425,-0.267736406647566,-1.259580117719626,0.2544583007378036,-0.5367913134550512,0.0,-0.5367913134550512,0
0.294911346138505,0.17769169856899492,-0.2929549482946445,-0.6529418954937849,1.1354776799633093,-1.2750982884659208,-1.425164912404795,0.1863365472352055,0.17232095187555066,-1.1445537211713182,0.8374286693380629,0.0,0.8374286693380629,1
0.39351065883439873,0.20311048635577322,0.8391212424700494,0.9053344043517175,0.6311266505874664,0.9808175561504273,-1.9785281090584252,-1.7668738941380442,-0.10648164399776094,-0.48654930360078524,0.23133464039582446,0.0,0.23133464039582446,0
0.17987420281395883,0.3121045773864899,1.635227312997639,1.0319856784618548,1.1122092774820638,-1.7280196540368502,0.0900436419896705,-0.5913749871377484,0.09736618132157517,0.2288360747078096,1.404140616321552,1.2265038960966446,2.6306445124181965,1
0.3967960734078597,0.780956730721049,-0.6597503763889607,-0.19858961194496189,-0.7070752417197816,-0.2238191944370141,0.3128830898902611,-0.11588339875916494,-0.2335185740897873,0.21316627496979537,-1.2809841046197494,0.0,-1.2809841046197494,0
0.7825940055221415,0.22131878981532271,-0.9214432141427098,0.4266770620180107,0.9912964365274877,-1.1011948395584523,0.23521944376569098,0.059991050307435595,-0.24637896613223592,-0.15856174340656198,-0.34947457748432054,0.0,-0.34947457748432054,1
0.9626202158722602,0.2961402143947929,-1.106565184047525,-0.4409709436500006,0.7351248949616227,-0.9749408256977529,1.5226577976457947,2.186788280538102,0.5633465055794866,0.2879217573978855,-0.8916892800561814,0.0,-0.8916892800561814,1
0.9060134034331828,0.4643136921447313,0.6041704859381348,0.986879195251208,0.036090274762036724,0.10133722836334302,0.9064407156930497,-1.3402131635887946,-1.5938403026103052,-0.8198919419253617,0.8985027346610517,0.8687770315142915,1.7672797661753432,1
0.21206789865617603,0.9864818043104202,-0.6695879512035052,-0.6432445661284132,-2.0508417401067596,-1.3164881844194778,-1.4155209905128423,1.879097203346718,-0.320483949214278,-0.5956450379802458,-0.44693901409813164,0.0,-0.44693901409813164,0
0.7005372449475544,0.03571967376938168,1.2447975646447995,-0.6214885092692107,0.09002337079537992,-0.5622437157154551,0.14679709022528628,1.095548731405346,-0.653494319587592,1.4429074394662755,0.9708337259336249,0.0,0.9708337259336249,1
0.04391016632907796,0.365229172459158,1.5147559804400217,-0.8601093304599086,0.612991549191533,0.13881712359760187,0.31521512711052707,-0.6913016031939138,0.8433554808998448,1.4797303354100881,1.2926399078740496,1.4950575074951966,2.787697415369246,1
0.18297620600257047,0.14515662648649452,0.17150888655169816,0.778509091700172,0.1346251669763531,0.5126449627501205,-0.31031023761949394,0.4760476673993079,1.1985207907111086,-0.5789077139723936,0.4373889294792714,0.0,0.4373889294792714,0
0.17291305629781228,0.48634983839606294,-0.3376094371661337,0.8327313601589306,-0.6971194378721067,0.3434066927789324,-0.09787518422806259,-0.7333251946636807,-1.4930085208668067,1.960261146102597,-0.8541136649009257,1.2540480352201642,0.3999343703192385,0
0.43035296834717385,0.7345343127212839,-1.3813877036622793,0.3835533371648214,0.41953532826859047,0.5293314981377785,0.2823793136962708,-0.3798069430356514,1.152216181233412,-1.1567414881177307,-0.4645408933533073,0.0,-0.4645408933533073,0
0.12233920227073558,0.5819743900770131,-0.9938405205337224,-1.4617521883659073,-2.5591575789571808,-0.44402969021358746,-0.15480911098498046,0.3032305951507828,0.18597445663309195,-1.9520611595949175,-0.6499657844433413,0.0,-0.6499657844433413,0
0.14192397939553913,0.47242213125844,-1.0868855333818732,1.2978070417045353,-0.8058931026268599,0.1920645430516504,1.3798874073121938,-0.16071530487036934,-0.046751589769217256,-0.15659868832887322,-0.7938872548748416,1.270632128529686,0.4767448736548444,1
0.7960928581920693,0.4175934795194016,0.8504374505148534,0.8680734764619497,0.6600442898553255,-2.4947309161611875,-1.3628153389694473,0.18778145164486046,0.811329247766715,0.6860208360803887,2.155880830942108,0.7255065317036782,2.881387362645786,1
0.6537026173846021,0.2187659485228638,1.4343645036593706,-0.5738186610021719,0.3233142732982799,-1.7533030235543245,-0.5999230617523394,-1.418281954621717,1.2822251896627008,1.7014740720881696,1.4661264746477187,0.0,1.4661264746477187,0
0.36488969733165333,0.6371719671168671,1.5480721285555454,-0.8930667603038556,0.08761117803473055,1.1668523833203133,-0.2547756696504883,-0.0827660228904578,1.0011438740042973,-0.30723745158899407,1.2077889227750713,0.6262340188253539,1.8340229416004252,1
0.5487912750825065,0.08252984031349331,1.4113387364364032,-0.788689875125667,-0.21804369179014774,-0.3020112938310286,-0.9358778090951537,-0.21291643337699515,-1.0973749933307002,-0.41850603096888767,0.18912467793214477,0.0,0.18912467793214477,0
0.3520796307887001,0.0737262250788362,1.2553907016883041,0.20189436164900995,-0.9886412207957512,-0.3233855093564109,-2.1527978148051785,1.0922743085007787,1.4107790564630343,-0.9493008422708089,0.04303609815411017,0.0,0.04303609815411017,1
0.4275060888724225,0.13815143127609197,1.7079077028921297,0.5920102117393345,0.7090417549167409,-1.0825848045204751,1.5164491131984383,0.5145660689094315,0.15956327112917706,1.1556332855890865,0.6433953934486558,0.0,0.6433953934486558,1
0.3668329024873108,0.10765530186035233,-1.1022436284823658,-1.5558391122783224,0.44695523632859385,0.8374037865000316,-0.05047673736297558,-0.5817571649547517,-0.9064666333990948,-1.0899102170064123,0.4449323240839242,0.0,0.4449323240839242,1
0.24526664505925555,0.8540389539627006,0.5741346634255194,-0.22620335321143406,0.6774709375186848,-0.9403694238307058,-1.6020897865870811,1.184145838934561,-1.0770535310050766,-0.9198371857334995,1.0610419627594627,0.0,1.0610419627594627,1
0.42180785142075916,0.9535966701344266,-1.8488102150834569,0.6296085746894409,0.6926934485334808,0.29797203758438007,1.037616447289226,0.5225763779094628,-0.8724531194722084,-0.17825970164142502,-0.5707941148913985,0.0,-0.5707941148913985,0
0.5880406269063329,0.2079094041735432,-0.6865084650706518,0.7681643465340694,-0.3207877170914808,-1.0130808762437682,0.5067927950847765,-0.8578467194311821,0.40223278820461367,-0.17666681561905945,-1.2565755459168526,0.0,-1.2565755459168526,0
0.7237350891483807,0.043341679955651524,1.0398580782321107,0.3260718339792743,-1.1464601441225042,-0.3358315190450031,-1.2061678346418063,0.879844220786768,-0.014066014754539165,-0.3569462563015312,-0.156590676772122,0.0,-0.156590676772122,0
0.5173909325404898,0.3962673278936104,-0.12595431433669455,-0.7795880320120662,-1.8020192148388474,-1.139720409601159,-0.7051371714027664,-0.8284082618972245,0.7151310991843361,0.8106102011658802,-0.4652750991634563,1.1564939250045083,0.6912188258410521,0
0.33598854470984973,0.8818985930687991,-0.4496549956867822,0.8863311998417651,0.21441165596051326,-1.0771801762869497,-0.028334670138020185,-1.5599697247627256,0.6264940932336366,0.3588589099547396,0.23274764636293013,0.0,0.23274764636293013,0
0.5012995931607621,0.3489385963912218,1.462149747324185,-0.5892864212312898,-1.1660899603935013,0.9969299390232724,0.22618845341581645,0.2511935067693576,0.9940439513136876,-1.6041208509082818,0.09611919724662173,0.9172577557396044,1.0133769529862262,1
0.21629045537026448,0.36762552768975043,-0.8610103675748515,-0.3058349687436286,0.18591582756704353,-1.920627856721201,-0.766926122642194,1.1880859808244912,0.6141083604931479,-1.5553467412837299,0.2812591715054931,1.3751508346853774,1.6564100061908704,1
0.15082016503053897,0.5683450146404749,-1.3580611779512815,1.8738454724758549,-0.06333811170742165,-2.489859524022951,-0.3026464787243048,1.2122703093761158,0.5690456508523769,-1.026119890049216,-0.09964234719888336,0.7001765840820623,0.600534236883179,1
0.4934256530038875,0.9283267871865382,-1.8721310361896644,-1.0181869845787237,-1.3173272382839054,1.446574721877947,-0.9539632214402468,1.0548258357107043,-1.0166381675091787,-0.8600049221651291,-2.0561574658598634,0.0,-2.0561574658598634,0
0.3355126310236505,0.4530948950165482,0.08970013407890179,0.6393659367873391,-0.23731489390017602,0.19785771525944396,0.713139140306489,0.7532284689268617,2.5864140163281157,1.3063538930459528,-0.6609716574539163,1.4941278390678367,0.8331561816139205,1
0.37882681454508893,0.9612831197643477,2.156966241069983,-0.9638673373167769,0.3463836854132904,-0.12195403506554812,-0.9742555206505203,0.2137786165030896,-0.6950198402591703,0.6129071313458408,1.7391479280416011,0.0,1.7391479280416011,1
0.7672190426415229,0.17778384335188024,-1.2720549441441005,1.6540655717590222,0.5395772046789662,0.03873848148040787,1.7140347944752796,0.774720867473713,-1.6958445091487007,0.8499777637524117,0.5064911104951924,0.0,0.5064911104951924,1
0.5040773278515918,0.0676807812215835,0.4514243446826992,-0.9211439168823486,0.823081535510703,-0.5637354017429351,-1.4329880764353546,0.10937814393941224,-0.0415099005411367,-1.694041647576908,1.0299596287003774,0.0,1.0299596287003774,1
0.39222492680286936,0.20878822727462476,0.572966479035741,-0.3335789215607915,-2.798336973677468,0.2377009772007168,-0.7334727793845874,0.874081434290136,0.7159084170801759,-0.8769470008900335,-0.6202577777599384,0.0,-0.6202577777599384,0
0.41709472217372134,0.5857189174238522,-0.969366679460022,0.5636453523478272,-0.39447767719617555,-0.41913649743265463,1.2044440587362273,-0.7380259972971465,0.013827678154780748,0.49129651726681534,-1.5068390820491835,1.1492337918083617,-0.35760529024082177,1
0.9983003345516335,0.2640858238023961,0.7784550357235859,0.6337467873587992,-0.4685572723045841,1.965007757753758,0.17180231493535653,0.024629488874195797,-0.121677791420546,-0.6652715608222349,-0.21633800454612875,0.0,-0.21633800454612875,1
0.9353524580643138,0.19923476373724958,-0.8788487427280324,0.7010273953758376,0.0662775806703653,-0.021134006181550587,-0.21474128514371815,0.03344850563318461,1.7452031582509968,-0.4417931279173726,-0.11784553614915498,0.0,-0.11784553614915498,0
0.35755127776624784,0.39329744453786364,-0.831114189293009,0.9220041566724727,-0.028917698385089494,0.561976065969882,0.85185880864396,-0.2924056573225697,1.1424191248266167,0.7657331929415399,-0.880036405844873,1.3239679066713723,0.44393150082649935,0
0.20799669136824017,0.5777898960074556,0.4480808845646908,0.3444595237260906,-0.45520912956582554,1.3954767036829554,-0.3898154334821477,0.22126732397140747,-2.355678314071705,-0.21024423243783252,-0.8201501445376826,0.7938723097765,-0.026277834761182617,1
0.7919302903524148,0.024963146810524584,0.3943685021552828,-0.061119776402151715,-0.03556887323073475,-1.8216092087894167,-1.235414549063477,0.4686665281951456,0.8793293872190248,0.5216305478488401,0.12512699523277218,0.0,0.12512699523277218,1
0.183138574247942,0.6973013093394348,0.1689798615628285,0.21100447454246923,0.17116925345773015,1.433601941525844,-1.5371211745091724,0.4240857556239185,0.13502872152724818,-0.9141354863582533,-0.5118717882528524,0.0,-0.5118717882528524,0
0.06066048462735274,0.2506060608527043,-0.16818879124427769,0.05310985361031762,-1.861608443096858,0.6962583262364805,-1.1161478749481153,-0.916681738812085,-0.4338116595861412,-0.8560879908788244,-1.283302004115179,1.1169766049910297,-0.16632539912414934,1
0.13541682400150268,0.19906290152153827,0.3174977285252573,-0.016314074512471386,0.20753247134116448,-0.45758193149239,1.5703060087804055,1.8319416733324516,-0.16263525910221038,0.4107568828272295,0.09320652830261483,0.0,0.09320652830261483,0
0.40499743778203867,0.3476303648838581,0.15264711857685548,0.9564985079254165,0.36464189385005413,0.6183733665329204,2.2906507678279424,0.7168775794510402,0.29982565784706655,-0.22230853942325712,1.1124756611353206,1.0860874641449016,2.1985631252802222,1
0.9100804229307988,0.13976523187402523,-1.3890959935079046,-0.5925138103626448,-0.45773197031495355,0.16004708305080445,-1.1102424890512308,-1.8842889483965872,-0.46269533107185923,-0.11628395989373443,-1.6047088063738557,0.0,-1.6047088063738557,0
0.21309970479607743,0.6049154023829516,0.275582994979304,0.1691631348378142,0.2699736019931498,0.6477538033938257,-0.4313417910768715,0.49804924764299485,-0.24339618959338274,-1.1151896239620016,0.24037309246677577,0.0,0.24037309246677577,1
0.40219621807319517,0.49949342524248075,0.14547964876522768,2.257704883883209,0.6071151985914112,0.3587956932420311,-1.7006056591979872,0.2926042608592356,-0.4393601306637187,0.11042541351667802,1.892628090487512,1.426885686367079,3.319513776854591,1
0.18281262866348424,0.1730243340973564,-0.19273492638629341,0.16475931435773405,0.6767506305838888,0.709125928271866,0.16442136702815655,1.3993871073931965,1.3317202021345858,-1.4994103502965068,0.12836691277497256,0.0,0.12836691277497256,1
0.4678247351489214,0.5614404595577006,-0.43162890545782445,-1.4055213931586,0.08198533922731814,2.714343631492995,-1.5094431525031988,0.5591922380280833,-0.8220176931729629,0.8182899455082765,-0.825931686452092,1.3006624711044403,0.4747307846523483,1
0.05982341102943989,0.14301582525350465,0.28376488097589464,0.389980048919364,-0.5279557253758369,1.4154014246670148,0.5756550288627075,0.11369263747987554,1.5345924398858986,-1.8349057486957792,-0.4034324901682621,0.0,-0.4034324901682621,0
0.1998967660753812,0.8696888349179047,-0.12521148955588887,-2.2426364431450083,0.4250401406382637,-1.385572440963379,-0.15914492297909094,-0.9800559800949684,0.08828687628345233,0.7401088658894142,2.022412138905306,0.0,2.022412138905306,1
0.07646829159114432,0.7838288804865553,1.6464413769177455,-0.562465048348643,-0.9129266815111493,-0.41196568185413507,0.4264690320089217,-0.07724789452646362,1.1165563443117903,-0.6521822190272741,0.0395107295944202,0.0,0.0395107295944202,1
0.01430419144676931,0.13717171909369563,-2.3623192816182526,-0.2797633025486862,-1.089304708668828,-0.40874201234498403,-0.6302453041409593,1.2798544206399944,-0.43828735097389326,0.2749095518189203,-2.07657391516387,0.0,-2.07657391516387,0
0.6492267599940389,0.08186123953929281,1.2398165445824054,0.44932886170371017,0.6908929466516711,0.30800936490375735,1.7572903018557962,-0.6776083902912156,1.2211964231349195,-0.4214526752357099,1.127950225114371,0.0,1.127950225114371,1
0.056851388652978674,0.5053518248252201,-0.8751760084913051,-1.1886963788586944,0.07617423743954503,1.445837973471576,-0.19675113384774418,2.541849338197484,-1.4908589722916274,0.17077231922454056,0.11422781714764849,1.0060428437228275,1.120270660870476,1
0.47032460687271715,0.9955168954379993,2.0963437131844533,-1.2790968893925814,-0.23166660081748017,-1.1822593235275929,-0.7960808580475519,0.32885149586940154,-0.1478409823071941,-2.039859479179427,1.1711944807453094,0.0,1.1711944807453094,1
0.5217671600078096,0.1950574895016901,0.06902047823309305,-0.358117970941216,-0.006149872956353218,-1.3096383642083453,-0.19406470671132695,0.44443738011563527,0.38803923996917017,0.28310194353367374,-0.7331714166270791,0.0,-0.7331714166270791,1
0.6132586733407236,0.29012406898823395,-0.34382408063231373,-0.4073161139316591,-1.4191926448659036,-0.7887580506998128,-1.1958263257905566,1.3779136218882102,-0.49699539629240297,1.0125166364521625,-0.6940885102923977,0.0,-0.6940885102923977,0
0.37704741916850815,0.5442782261060414,0.6318642208232899,0.4323617722032463,0.5551144022513315,-1.1714928161392046,-0.1878008692360699,0.1659694990455387,-0.4534204773180054,0.207313413080099,0.6739794584550921,1.2659599118558076,1.9399393703108996,1
0.413746896862356,0.2507982966594502,0.8296122535472327,-0.946105620642952,1.1121391290813667,0.44578188699227866,0.31270981622321276,1.174590099014562,-0.628973324507473,1.0598903247048859,1.0101246315355326,0.0,1.0101246315355326,1
0.24679971835399683,0.4435111727495622,0.6067368067458301,0.5082059496782956,-1.0011684235419296,1.3673257019111698,-0.27082257035748303,-0.4271698599927493,-0.4836865320488392,-1.4301595827995612,-0.6196400344737601,1.4515771804195103,0.8319371459457502,1
0.27201097683635245,0.9215041225816016,-0.04304886870790167,0.07613157663386835,-1.0865922339908916,0.4229215153831519,-0.9407521254094489,-0.5238390404803093,0.8763975601416065,1.5080087249796426,-1.0760021412357492,0.0,-1.0760021412357492,0
0.5553771157404208,0.4817315536960951,0.5496783942058798,1.0449689008687393,1.9574478063061411,0.5835585087272832,0.7460848113649219,1.1982191215419584,-0.04880424607188207,0.858365563950914,1.036649473737283,1.4103937373260367,2.4470432110633196,1
0.06306458574541685,0.6564800575542303,1.9718400147724109,-0.3809052213831011,-0.10011636568285183,-0.37574117063651286,-0.235950686157604,0.8324454113953749,0.5994379266070693,-0.9918692753917223,0.25089099766883455,0.0,0.25089099766883455,0
0.4788762199774531,0.7995143732864981,-1.3843470252541898,1.4190393097668315,1.1030806889902607,1.6841635299420508,0.07538563597312287,0.5516227482746197,2.073607622610858,0.123461820376419,0.20455656317922893,0.0,0.20455656317922893,0
0.060218881560562876,0.014124792625161198,0.615855867937601,1.6163982175011948,1.3667427047059393,0.19604536347927493,-0.9911509103790372,-0.1224974090004714,0.6409875822130234,0.668683344458639,1.3968583582124463,0.0,1.3968583582124463,1
0.48878918113595093,0.7122945654673224,0.9763793083637147,-0.7217179722833652,1.1270974133023866,0.7677187183826953,0.8279090083093764,-0.10653171696728199,-1.0237299200230177,-0.644989341641549,1.1345567537805747,0.0,1.1345567537805747,1
0.2262786175278917,0.7402801691779431,0.5737638459775735,0.13777165776611147,-0.21300589356784205,0.5341853409626279,0.7905541287225284,1.4314641340588434,-0.6347923728594459,1.9163045803119025,-0.43637997335256384,0.0,-0.43637997335256384,0
0.057213473118515434,0.9721110308387582,0.8039457026199128,-0.3048822458946387,-0.8811162400584533,0.2946279070997554,0.6827924364364828,0.5143335596587326,0.7396629751506522,0.6813173899928608,-0.36432318437197425,0.0,-0.36432318437197425,1
0.19134704434255967,0.776749538904025,-0.3762495832251803,0.6166049511638053,0.03715066979896379,-0.36602510699821167,-0.8202712508421868,-0.026326996491301987,-0.8567773549218383,-0.6184746029856776,0.22345289972974397,0.0,0.22345289972974397,0
0.0158087101640757,0.7628006525025129,0.5247495235453908,-0.6659954492505081,1.0068543310908686,-2.3823106080821637,-0.7150413709725548,1.2774101509160176,1.0196741557953282,-0.07969826629913951,1.248428494107084,0.0,1.248428494107084,1
0.41008639369154676,0.24547686501069776,-0.22440000681358413,-0.7712584085114927,0.8079897868167139,0.9289332499171686,0.781736177859977,-0.977653993273921,0.350001158873328,-1.4473181162496025,0.5392877106191515,0.0,0.5392877106191515,0
0.40678374234788195,0.6929466490070586,1.1178707187947894,-0.5548221255942961,0.252940962865978,0.03220960913813394,-0.8313931648732035,-1.670773660280276,1.9367259260124803,-4.0212186688984275,0.8933424467073116,0.0,0.8933424467073116,1
0.7891043956435363,0.3380857661887705,-0.25272267714922353,0.23222092998073954,-1.7943608451714224,0.6806661121066954,0.723334983091331,1.377460246961356,0.5684308704772599,-0.13973468335450379,-0.8491031767921389,0.0,-0.8491031767921389,0
0.1241748993057834,0.6587579000502871,0.3165279205144919,0.21235792387602825,-0.9290251224782615,-0.42727091871703193,0.9688006481979148,-0.054189310081093234,-0.9246829866449355,-0.12916315743522527,-0.8713789283274327,0.0,-0.8713789283274327,0
0.3837854514777095,0.012053125604165937,-1.2988878257724568,0.4135431734503423,1.405049367003264,0.6297850251233117,1.2632207849970707,0.6113204768297994,1.367552485562685,0.07335453924783601,-0.17584417733397012,0.0,-0.17584417733397012,0
0.29373393652181534,0.6634189064433342,0.1494121603059103,-1.2236318102539414,1.5084973036621698,0.05538157477701522,1.3802139792920896,1.514274360176294,0.9840298008266637,-0.5323652584439156,0.8351392285202119,0.0,0.8351392285202119,1
0.4594897457992616,0.786304966724738,0.17453449194153628,0.7255352032352262,-0.47746815930851894,-0.20977175827508865,1.026850505317559,-1.1766410618017833,1.6761322394799667,0.37181049393497545,-0.7015771182998641,0.0,-0.7015771182998641,0
0.4430718502816684,0.8828203139641756,0.2539112227253508,-0.4004207640601102,0.1467479291952694,1.5643151409660672,-2.0866357733371315,-0.2696946777962439,-0.05943309156969103,-1.5332112963612403,-0.8091468479115808,0.0,-0.8091468479115808,0
0.46687281980656503,0.5730707225306954,-0.5018246236618632,0.3466507368053277,-0.1858350261852828,0.7530309412550692,-0.470995436232872,0.4440157278664886,0.568211499012739,0.48200014894963356,-1.268991396320938,1.259356956953505,-0.009634439367433023,1
0.8669065165027287,0.12861431385871802,1.3950284749776192,-1.608402253067511,0.29982207462403726,-1.2015727915630838,0.6064157805982904,-1.2579002228456984,1.2986525955089936,-1.3394828615986378,1.6182279518731344,0.0,1.6182279518731344,1
0.3562807436107911,0.4818569331558338,0.660302656050524,-0.31311716351377644,1.0713532160432466,-1.1589848069956181,0.8278296490196034,-0.23263367472961965,-0.4098153776577203,-0.907241713831896,0.2281765630147947,1.437189669002029,1.6653662320168237,1
0.312335623266194,0.3280938219881724,-0.399222027027747,-0.8877225512308852,0.34849476161509324,-0.2513029069697093,-2.672113709843867,0.3924664012190908,0.0754775142804592,1.6105169107545412,0.4942988156590353,1.126342910585978,1.6206417262450132,1
0.9176288878545309,0.06606399775397565,1.3745960675922333,1.6150384358139447,0.6133317998375298,0.6148867559312762,-2.9338997636746065,0.43546393656203486,-1.185033004450906,-0.45172573189547754,1.2237329350605828,0.0,1.2237329350605828,1
0.031271972987998664,0.8560534364328946,-0.04031063391109407,-0.5167848819560982,0.33939996611435824,-0.6693917313667753,-0.6713622971043388,1.2406185281649313,-0.45936696516534486,-0.07470271118887294,0.41983750142881215,0.0,0.41983750142881215,1
0.7668339659743773,0.10896045841582558,-0.26972720370579817,-0.9711460774069396,-1.9543740200005943,0.673365314546463,1.0498245063866394,-0.6933652994781906,0.8787852170242986,0.4541689577144545,-0.4569226818432843,0.0,-0.4569226818432843,0
0.19166283351655167,0.7681456311944719,-0.7793695240888766,0.7622029096762597,-1.1757365457778468,-0.1607317138275902,-1.450833096559177,0.051651145277771225,-0.027428067108488968,0.10323847580824205,-1.0389992140071922,0.0,-1.0389992140071922,0
0.026975191796895892,0.41328837387740847,-0.41130778827562603,-0.05839399900826335,0.0017257707131502224,0.0577879298574519,-0.1007013965261324,-0.9576195030700226,-0.14688070902404343,0.13586460298991404,-0.04403854298487633,1.3514063880145697,1.3073678450296933,1
0.6551363449523009,0.4407860492824007,-0.2641441646909647,-0.38229227718675707,0.8100986326375983,1.3815052086154258,-0.39695747131540493,1.0409823247756136,0.2850138035249388,0.5034647037232041,-0.1091790010787823,1.1703360156172344,1.0611570145384521,1
0.17461178235677033,0.494127056444815,-0.06671601489412798,1.6587282702900767,0.13326609129934178,-0.207130497317031,-0.41750724353414564,-2.5117153160794903,0.8517305886976819,0.4010456058344743,1.177015952438189,1.2269409672501743,2.4039569196883632,1
0.18712297267370126,0.3922574521564499,0.46249939762714976,0.8289158266152539,-0.08460150935102209,0.7699310022764342,0.4732740994259082,-0.5022202566522128,0.5774121611112739,-0.5661205863299736,-0.2751406759861301,1.4658677994111073,1.1907271234249772,0
0.9476986299403479,0.36133287262029257,-0.7615296576342402,0.08000783752212849,-1.2491758314594177,0.07678272197140175,-0.8084143991407958,0.004897526761491515,0.5468448364396498,1.0709411425854567,-1.3456342689348468,0.0,-1.3456342689348468,0
0.25970387025745056,0.30115230469125553,0.16584124980299397,0.7569909395955434,-1.1991457995458812,0.48854091175675785,1.063765629151771,-0.14491479124819376,-0.7243210620247262,0.34764746488453957,-0.4219909774362069,1.071149191788125,0.6491582143519181,1
0.3050080914411276,0.8476382280796629,-0.5035230443232449,-1.0303306133370629,0.8215807270818084,1.1328838157231467,-1.3102366541540253,-0.22115259980713206,2.4878077916644408,0.9264731577507613,-0.24723930194234403,0.0,-0.24723930194234403,0
0.31080163354824075,0.6628661532664861,-0.6142338673363992,1.1180742529384475,0.8347761104240032,-0.3938985364935235,-1.2943823217587564,1.83635143646054,0.35063981738044386,-1.237046031652991,0.48624841402443447,0.0,0.48624841402443447,1
0.05256806406098491,0.8522745219046216,1.1269334921720076,-1.1075505471399383,-0.5497367345177845,-0.6218862960623197,0.09338158468543227,1.4548002820877601,0.2351878161962402,-0.6424743850611206,0.12995163819182773,0.0,0.12995163819182773,1
0.5953000852938888,0.48313335591942796,0.012199620147677049,-0.14846302959454327,1.1474535295848987,0.6452569579062788,0.7615868025505831,-0.4164109480527795,0.932969547757722,0.42885576017254584,0.3746474241322877,1.3804208368506048,1.7550682609828925,1
0.1558611417905842,0.8393781942757509,0.8549189317186496,2.018210903542663,-0.335275019312251,3.512927549710895,-0.5519865879763804,-0.4685515110868078,-0.30365887300256206,1.5012203387059402,0.3327126219510374,0.0,0.3327126219510374,0
0.3471839515130083,0.9429667230481872,0.5616623922385221,-0.23761444880225047,-0.2569505427411952,-0.2649922136703934,-0.2879586523114586,-1.5544674324054095,0.5418942515478217,1.4284590945481732,-0.5551947663792965,0.0,-0.5551947663792965,0
0.7056048951913163,0.180343896764931,-1.1837839175820062,0.05507045843193214,-0.16325093986321607,-0.776574164148568,-0.13180225481841654,1.0936072018349658,1.1477349208098095,-1.3306715936531806,-1.5174263375687371,0.0,-1.5174263375687371,0
0.13763922423083408,0.3250925112658315,0.28194909835325493,-0.4383621366655754,-1.5192081239194517,-0.6855600350760478,-0.39448128751828343,0.07810451694595527,0.19149614173928714,-0.14882139292151694,-0.5878330599392024,1.316772711289169,0.7289396513499665,1
0.44382869312506035,0.20913380127541092,-0.7866365862788783,0.5610816454580836,0.3917818766061857,-1.3912805716653953,-0.13718258279080192,-1.1236764127525083,-0.8984198930174305,-1.7692584769614046,-0.06401084765997368,0.0,-0.06401084765997368,1
0.6054168334203474,0.37075502291097107,1.4105533588810877,1.3105458923594717,0.3033957694005788,0.2717241677320496,-1.7810054232136434,-1.4301314526707354,1.1197130238592112,-0.1426288897021394,1.3994778115656732,0.8386333985875655,2.2381112101532388,1
0.11075103156058497,0.1028889621541983,-1.2805782916715387,0.5563188138478145,-0.6414883621896967,-1.3566065387475423,-0.5156963013605684,0.4986316449033055,1.8109214904538742,0.481221843584153,-1.2415436726614384,0.0,-1.2415436726614384,0
0.7389580405896079,0.005353390259294155,-0.4838159502348146,-1.1736028501543736,1.094211343369906,1.1364130672564163,-0.5544913569196241,0.7723891823128092,-0.1759246842417751,-0.6848161314042698,0.18905302897907472,0.0,0.18905302897907472,1
0.3620022375687284,0.588005577157161,1.0709920368495263,-1.3711438796018396,0.059664136811979296,-2.00449306916861,0.36684611704266706,1.2766639025601,-1.0536775970210417,-0.6729112293755799,1.1818894550032397,1.05703213118746,2.2389215861907,1
0.9202959945190411,0.2060829174827371,0.7918858743743933,0.96942115613441,-0.27156442864831726,-0.814592624205696,-0.7899450570872011,1.1098291612662166,-0.1518680519196499,-0.4744546746103397,0.0979786854056732,0.0,0.0979786854056732,1
0.8165254223906937,0.023275440521617785,1.1181171122447073,-1.3259369837748338,-0.5075076503675008,-0.35489139511752926,-0.4218828910654062,-0.8570916025873213,0.07159566426906057,-0.3815752075455816,0.39401436563438863,0.0,0.39401436563438863,0
0.12663479065263827,0.5570289553760672,1.8691325219109955,-3.1363695336775685,-1.612463950819116,0.5524717618301165,-2.343260312240016,-1.2893999959211502,2.193590154957214,-0.4604391230699535,3.2167932987541197,0.7529123482224032,3.969705646976523,1
0.36590564341089804,0.7244817606835319,-0.7050697861827946,0.9862824222231238,-1.5740506771242346,0.2542086946514242,-0.46456930106348626,-0.7536592428323576,-0.4821948477129005,1.4444011088664095,-0.9837299000454622,0.0,-0.9837299000454622,1
0.8169880564926442,0.04198827616432943,-0.36250163093048837,-0.8143081361726494,-1.0765357651430203,-0.726185835212965,1.5756145806586148,2.661280609785377,0.20208466650839818,-0.3797283912602367,-1.2826669230470176,0.0,-1.2826669230470176,0
0.11291813972137754,0.1333135516520687,1.2646789893938646,0.49204832461155584,-1.2606836737508451,0.478070529398205,0.9378852563939486,-0.7748550997742766,0.30179668971766865,0.37639781496710734,0.031205959770366175,0.0,0.031205959770366175,1
0.1483096899344546,0.48377785470909807,-1.1707053488991903,0.08379585315826606,2.5131773617955586,-0.45948385305881523,-0.3110202305708657,0.0006462860188870092,0.6058043052347142,-1.0124083694579198,-0.40293863969032856,1.236266793272252,0.8333281535819235,1
0.17815665991579832,0.6928702081631751,0.9452231757823711,0.052265660361704304,2.8229537959160274,-0.048095527443933944,0.5755316597050132,-1.2185224420364658,-1.8635437612408752,1.1278537782412115,0.6878536490883672,0.0,0.6878536490883672,1
0.6609486204089277,0.1655578591369572,1.1468207820522287,0.8993252159303806,-0.8366928147175549,-0.21606247754666397,0.8057407813792512,1.628907562606671,0.5103650181848132,1.4264364826468858,-0.05338686511133924,0.0,-0.05338686511133924,0
0.6399669985215142,0.41079993857049724,0.10969366800651023,0.17082245925888512,-0.1056491426852985,-0.7224724995210657,0.8996311039827476,0.5836357945780662,1.4211158810399884,0.4026348443702031,-1.075855314911688,1.047253133570589,-0.028602181341099042,0
0.3941598007591347,0.8206357288879607,0.854618220274738,0.1713753033361244,1.4943158619919703,1.7549095719325056,-0.43885806342029393,-0.9986235202292999,1.1022520265972864,1.4648724248425224,0.37805935326408097,0.0,0.37805935326408097,1
0.7793269661407124,0.013646583046707517,0.8694777137702774,-0.4226372360092814,-0.050970915752643245,1.0704294156252616,-0.6799556096113775,0.006573333010803567,-0.796331928046308,2.3192031244593947,-0.6353095165771838,0.0,-0.6353095165771838,0
0.5858748880452656,0.43357954951550004,1.375328179857188,-0.5719029080725985,1.0765815339855975,0.2059233195004103,0.38989105229607574,-0.774071450213435,-0.1839234622829699,0.08726026650352289,1.0797467165808834,1.2252567346823258,2.305003451263209,1
0.5598911255535326,0.19300293680858616,-2.1913962943887975,0.9443404638914176,1.7157543047743702,1.5749809518343223,-0.22636111389152538,-1.0599197135856018,0.32757355802128374,0.707005028094894,-0.8196501451394166,0.0,-0.8196501451394166,0
0.38916963011803596,0.6356846521856989,-1.7671315445696052,-0.4274725358324415,-0.5125607820426165,0.32714487854973534,1.1521833867009132,0.5740843339928349,-0.9535709318906819,-1.2020327411393035,-1.6704583739975618,0.7541627119243497,-0.9162956620732121,1
0.12027015050238177,0.6057898078468121,-1.6031413045930276,1.723774760128458,-1.3599423889490678,0.6647971437311233,0.6967020845662912,-0.5467587513541936,-0.08591800067155,0.7445778814582592,-0.5353387233271741,0.0,-0.5353387233271741,1
0.5872119269491487,0.03215114964567711,1.8029982922380792,0.2350234550373297,1.2270362482499602,2.3106632034801065,-0.5286606363467077,0.7927454240985232,0.15706350805661476,0.743258410676708,0.7406983951044166,0.0,0.7406983951044166,0
0.1483768865137861,0.6809839062036324,-0.45594251110010203,-0.22348663484826384,-1.239859925589125,-0.19616896068130332,-0.4046044352587105,-0.146946518923133,0.8046980870497678,0.23201958548495283,-1.1116300647666417,0.0,-1.1116300647666417,0
0.9264403406911057,0.1138983060560056,0.05207851346600639,-0.6578255854278139,-0.34385651368730086,-2.190869783707134,-0.38612576351392014,0.02531870539156223,1.362758998675862,0.5420927027777755,-0.4164212506802939,0.0,-0.4164212506802939,0
0.21230078600688396,0.9989792954986154,1.690503821015968,0.6652919303081021,0.2876002112861784,0.438973377369616,-1.0968461968877297,0.15350156581153315,-1.1513515226681899,-0.4465135139498718,1.089396107268705,0.0,1.089396107268705,1
0.16588209479347316,0.400259216586475,0.9125937092551814,0.34851326269391,0.24591523344750918,0.9834091073648755,-0.15752365847560462,-0.2263866863912082,1.2520950919806921,0.8860481738836539,0.6669602489887356,1.4988145836188695,2.165774832607605,1
0.957390293441494,0.16149102134854365,0.21107443080008903,1.9817633530973733,-1.3780489506910683,1.7977401102156607,-0.4703656403857956,0.0018493280096408009,0.8514238654340918,0.5145349050511224,0.32614305534013543,0.0,0.32614305534013543,1
0.35921720953433633,0.7815996775887667,0.44326478051787593,0.021744175164949933,0.14176368362810446,-0.7081846656076901,-1.1458677493068128,1.8528724235342187,-0.013603646876229877,1.1160579792102896,0.7183949629776483,0.0,0.7183949629776483,0
0.5993537159450488,0.003991013731476034,-0.28750639403366857,0.3156731700925973,-3.0833194058635947,-1.0028515897580859,-1.0491009067010015,0.7823922273969912,-0.20051622927069035,-0.3158114267367116,-0.6478620631555985,0.0,-0.6478620631555985,1
0.1448791186268309,0.5250054105861994,0.7493364136619033,-1.0643510351797465,-0.42876702608964246,0.5653566854347927,0.8742956690212642,-0.2273658061126422,0.6053073078803444,0.8498909931955274,0.09072145450707325,1.045302364618204,1.1360238191252772,1
0.1778927136347982,0.569755512366886,-0.718229350459381,1.2001488282180057,0.8663349885316998,-1.0180201412510663,-0.0031503431854007493,-0.6301603368237243,0.03261978984195465,-1.2421588881206296,0.3144378559786086,0.7831700106636877,1.0976078666422964,1
0.5542267429283114,0.19672951178102627,0.06250172054897653,-0.5205638755373497,2.172560033183802,1.0736771298689085,0.6574622966991414,-0.8913269546641405,0.5533724637829275,0.7048784127063918,0.5706478700135911,0.0,0.5706478700135911,1
0.8377598300132826,0.10467628394118245,1.2806625134019838,-0.7662686099366349,-0.03014505035218275,-0.6341931420736626,0.8323554089905831,-0.31593332629925036,-0.41338898461128354,-1.789622130844671,-0.18964959970249137,0.0,-0.18964959970249137,0
0.28061547743261195,0.01457832953301863,0.7405137934495103,-1.6209133684721098,-0.7999704137084747,-1.4341420091356774,0.43451440072865355,-0.6767135777316237,-0.024285594095926063,0.1771906518226466,0.2230558368570713,0.0,0.2230558368570713,1
0.40748483428148075,0.6629283128705227,-0.811018924888956,-0.12487780147737335,3.0315852159888124,0.7707147439038404,-0.4530284435523603,-1.1344777900653886,0.3425808913372031,1.571149548717868,-0.3825567075324004,0.0,-0.3825567075324004,0
0.7604216910337216,0.28984088390177754,0.1782941868160135,0.7209300880546367,-1.860606390497706,0.8175326429757728,-1.2244444520951778,0.6250160444716165,-0.307685349942297,1.303308310909762,-0.9876917309664075,0.0,-0.9876917309664075,0
0.8774633983665961,0.4371027530785201,-2.2449183351072355,-0.11341724598422967,0.2775250133635701,-1.4830391432963854,0.48750886870347765,0.7997631469938093,-0.22114949308858656,0.26839328089009307,-1.3018221061833126,0.6536441732045952,-0.6481779329787174,0
0.16247972331116067,0.2180334551491241,1.9861263132498068,0.3478290216943564,-1.8364080417573396,0.7073981041046602,2.092757789414092,1.1252284578187606,1.7863311361385215,1.0946651341284708,0.756123855563771,0.5641147200140757,1.3202385755778467,1
0.4060731500793091,0.8618259291276792,0.9661194619652352,0.5050430246193528,1.3009470930303095,-1.6938094711793314,0.7508958887358087,0.16709659280228,0.872305788457064,0.674104265571226,0.33849875064301244,0.0,0.33849875064301244,1
0.4182237915643906,0.8189792527341335,1.4195197257622219,1.0023515417157873,-0.5046717563211373,-1.1013835070615798,-0.4658615621818756,-0.4533048889800308,0.11445810307698032,-0.7360108775153568,0.41659147571821087,0.0,0.41659147571821087,1
0.4311313636175993,0.6156763086495708,0.49929405898517154,0.7473903047941507,-0.15614644602206876,-1.025721347618584,1.67526947920363,2.2373172888458317,1.3835841556526007,1.4834735137943649,-1.0593383401592567,1.0177982503134546,-0.04154008984580204,1
0.08244606550597233,0.3210794155769717,0.8683386357130326,-0.12094025352692989,0.12475815221392071,0.6387695893054073,-0.04706018445486664,-0.4700580629083761,-0.35961197621502755,0.022224513721918318,0.6493679928670226,1.3560956085211073,2.00546360138813,1
0.9735350421273321,0.1278886338174271,-0.9334592446143433,-0.09459083839565396,-1.0334165696501167,-0.053854789445540396,-1.1041353686253006,-0.3505454032793759,1.267614683885768,-1.141226409633289,-1.3943043264405508,0.0,-1.3943043264405508,0
0.4459510372728601,0.18012433467719857,-0.9595289387027277,-0.1642814432714571,0.9245642100411952,-1.2769857092298418,-0.5324920487188374,2.175493774943588,2.6869188925634333,0.5939278409589364,-0.08512006588644967,0.0,-0.08512006588644967,0
0.22993328461819096,0.644153845511578,1.5486433158596633,-0.419917245775344,-0.44770153620053826,-1.2154594504968073,-0.8012981071814194,-1.1205115011507116,-0.6253606766610812,0.9504464135528733,0.35336304486337494,0.0,0.35336304486337494,1
0.8920744690074277,0.2196522418414676,-1.743393223601104,1.027352557842123,0.19228000672692408,1.6064732434267066,-0.44081498845910666,-0.03544607435322552,-0.7450924256703867,0.5940852451577174,-0.6435980311889754,0.0,-0.6435980311889754,0
0.17215390066939118,0.497925214859564,-0.14798668581388572,0.18896149074311364,0.01099004196560441,1.1503266779920618,0.7386462755615777,0.35309090784058184,-0.6361631624135081,-0.5417658957114241,0.4225311530073625,1.2092894356253927,1.6318205886327553,1
0.4704097417701918,0.7444294118314088,-0.5022744806164586,-0.46935892174956306,-0.21955814471048538,-1.531462113612031,0.10613175310729143,-0.9675703038088094,0.5954425243852248,-1.5164581588956196,-1.162933815989352,0.0,-1.162933815989352,0
0.10018463539031075,0.931405835785326,-1.3103878400381443,-2.128904293638228,-1.6359680742123595,-1.0305191330817,-0.06507596049136537,0.27885130800041225,-1.3407959104515264,-0.25999887215076495,0.04801274746914691,0.0,0.04801274746914691,0
0.9459833699224708,0.2928181183685873,-1.098359432223478,0.4418688756547419,0.7883505263877628,-1.7694162453023716,-0.5844417614934141,-0.757840693933775,0.7132946866745741,1.3708963599939377,0.02914163400472821,0.0,0.02914163400472821,1
0.035436022487515983,0.8787191817930775,-1.335843219327821,-0.05640401519489939,0.7972685952816729,-0.6399837634924778,-0.20073423703752005,1.0662196109258981,-0.19186906734273423,0.029971982762468888,-0.49968346455574003,0.0,-0.49968346455574003,0
0.2398075162758897,0.06209951028105831,0.9727180064783398,-0.7563687607616858,0.03046004304207979,0.013003997633387823,0.7024967408168397,0.04698588401347452,-1.1095678421342412,0.30886572380579774,0.9233313373267075,0.0,0.9233313373267075,1
0.12620172312415634,0.5209034967798144,1.0516885469484267,1.137240186531599,-0.9179942243802135,-1.0365024081005454,-0.5949748725636889,-1.1041141696136378,-0.057119761120454596,0.9627186525422708,0.35856424442156354,1.036873529012024,1.3954377734335874,1
0.08163505558674056,0.17345720607388093,0.813071503179944,-0.3837795348188164,-0.6257752751563708,0.5636838909201511,-0.10638047635640362,1.0266741374398014,-0.6151940779154677,-1.2008717006331266,-0.43456146097789183,0.0,-0.43456146097789183,0
0.20807283820416322,0.1286402238682024,-0.3943687094460074,0.674802880511661,-0.9466278211230137,-0.001762897868232203,-0.08484118266529432,-1.06616451130469,1.5440939209688471,-2.5835292083395003,-0.9593955397271704,0.0,-0.9593955397271704,0
0.44770048119641526,0.01849818340187437,-0.007000561793192374,-1.178913026060013,-0.5155288013867125,-0.24582605419403042,-0.6570088707243575,1.7348839204109772,1.1065717761854852,-0.6113586841635916,-0.34948224384465115,0.0,-0.34948224384465115,1
0.3598267135354335,0.5160688956776286,-0.5463191301632833,0.8512100609716791,2.367493267759967,-1.5733616638427175,-0.5689698113246378,-0.35351175179269606,0.26276160922287056,0.2307127156269366,0.4723110046832627,1.3424020091105886,1.8147130137938512,1
0.17665438418970514,0.0002980763583538826,1.023762976989152,0.4559139032889469,0.8173069539445744,-0.9286388560672768,-2.5009767887508203,-0.8847746355847123,-0.8287106646694187,0.5822610952806649,1.6601130088626426,0.0,1.6601130088626426,1
0.3538654962574602,0.5179311264024047,-2.138228927649651,-1.003595995643149,1.7178370656989563,0.28530937711571697,-0.2893114724460331,-2.210064230011164,2.159317402509922,-1.772067682319056,-0.6490129425528931,1.330962690073062,0.6819497475201689,0
0.13238324034356197,0.7851822518767356,-1.7554113724815874,-1.4143541375617208,-0.07290321935070757,-1.8304047359109712,1.4904379072038463,-0.710127283875874,0.6337340796477318,0.7860322838775077,-2.1323027678080364,0.0,-2.1323027678080364,0
0.1129253954735655,0.18970000804762777,0.4103653741002488,-0.2685549912791755,1.0778028836846087,-1.5489285041369465,0.4427217532810691,-0.5512626541714923,0.19324669472037603,-0.8335444518926336,0.18193763282050093,0.0,0.18193763282050093,1
0.43498564563824804,0.32571393381448477,0.9018451183917161,-0.28666088629377406,-0.47783260651813164,-0.07265465845212403,0.9959771002263395,0.3314128259100843,1.4885562889675752,1.0954397497012287,-0.4143203387951077,0.8912838861074173,0.47696354731230955,1
0.1914721248020259,0.7674812899552292,0.18386290268572705,0.7820986463827762,-0.14902706822730794,0.25612789909298345,-1.2958759939639213,-0.6514013930920541,0.06135790365947828,-0.20656138705556815,-0.7078462113875676,0.0,-0.7078462113875676,1
0.022327835528358486,0.987195678027611,-0.3898621010099795,-0.8396799035105755,0.5276194538176252,0.9882648945824377,-0.011273735790650375,-0.8207034932178221,0.623572301104589,-0.45095816776822184,0.22092891744513315,0.0,0.22092891744513315,0
0.5255560984419736,0.18899692868742657,-0.8646730848255525,0.7678430505326536,0.37902760090116405,1.1061318565596272,-1.6983454195808427,-1.2119440817697826,-1.1682724293690383,0.6604330898274902,-0.7593424695334416,0.0,-0.7593424695334416,0
0.09194561398334855,0.029134923456300643,-1.1272451388388138,-1.0293835034703467,-1.4433299682532061,-0.5123561084014652,-1.9915292255273427,0.8324317624691875,1.0160831250490556,-0.26224584418759983,-0.7683788367917316,0.0,-0.7683788367917316,0
0.5488764709492928,0.40532645126358435,0.5093674765762513,0.8337862940659225,1.1078319491147237,1.027807263006734,-2.054558244182337,-1.237284032703134,0.003947639459102391,0.21127795198044408,-0.05606591539664237,1.1547929041881206,1.0987269887914783,1
0.41976086864322926,0.22335959694072283,0.3463323047408899,0.5233452347812462,0.019426357374750767,-0.29212593587669666,-0.3915759523798416,-0.5843740752650355,1.6961542344722944,-0.5821711587658679,0.5114116850844094,0.0,0.5114116850844094,1
0.33936375010731956,0.30720084632437505,-0.8659964276408353,-2.016020241053026,2.067821730159119,-2.250113514351935,-1.068413809392718,-0.13703749911274118,0.8171835147339988,-0.062230224242992606,2.061434438053524,0.9658145891838512,3.0272490272373753,1
0.4063026764555565,0.2927657120228967,-0.11123574501157366,1.0782874168012837,1.9825051603314303,0.925439437006841,-1.3395298940407943,-0.010706634083938306,1.3074447753874052,-0.14375880156561308,0.09256175235980021,0.5987515423161552,0.6913132946759555,0
0.6349845937265673,0.03640065698868422,-1.8571206753890006,1.1738932329055793,0.01617814052832269,0.09407332471382476,0.18523425665690804,0.09936787389843263,-1.5970522493433499,1.4773016833855273,-0.32441307154092364,0.0,-0.32441307154092364,1
0.5889812714041017,0.09294906631700484,-0.5517451375552211,-0.9677769063029633,0.4496166447361056,0.471527866034605,-1.224602218644515,-0.3234314844009966,1.2372834463344424,-0.808445970082274,0.010850544691732928,0.0,0.010850544691732928,0
0.4366883049172554,0.3297546879745613,-1.1383268092250831,-0.6694092359870926,-0.24555055658411182,-0.2852671254028797,-1.4689640712452603,-0.025087892908844223,-0.28327453226414423,0.11447610592684494,-1.2155577236444388,0.918759832215398,-0.2967978914290408,0
0.3740690676089311,0.3593868828213457,0.7186972705914261,-1.7646571979382364,0.053670289159827585,-1.3303123008165776,-0.26092015316886047,-2.4035598572068464,-1.31274614693619,0.1834609539056706,1.8322093776744517,1.182664775116887,3.0148741527913385,1
0.2835435576176325,0.798472394735504,-0.41936525339852937,-0.3386319034987373,1.7600119172940292,0.7440072559008302,-1.2297453902542361,1.443547289811977,1.023083549951464,1.5850214659431459,-0.33862921333605345,0.0,-0.33862921333605345,1
0.18209120808978396,0.0632114616866345,0.18486774834218633,-0.2086525826526791,-0.00030104162565445597,0.9737587136693605,-0.4271043855014898,0.22665729992918984,-0.3193087134356581,-1.1257431933159598,-0.944488423885079,0.0,-0.944488423885079,1
0.5507456447343951,0.49024115232901566,-1.4184635434880961,-0.6513917770150326,0.5766834923298605,1.6777795749079774,0.6816932946377526,-3.024073657496358,0.7577124790846054,-0.31934632735699303,-0.022318028467995844,1.4371636565562282,1.4148456280882324,1
0.011849843449525665,0.4316113690664759,-0.3408439900989824,-0.15283813362363585,-0.13783905332187704,0.9186701199064443,-0.7179968352530155,1.6315894236202724,-0.18408467707543172,1.922646387004949,-1.3272822851609407,1.2769038730895552,-0.05037841207138549,1
0.004119286544431278,0.6537215631775711,-0.4516622368025701,0.9597700153183378,-0.9613687838049322,-1.2615535057507292,-0.1994459177976282,0.9055122823475278,1.3848669097923794,-0.05055512263796628,-0.7297731936696515,0.0,-0.7297731936696515,1
0.5965432649310268,0.3008038008231263,-0.05156171299423945,-0.6946009725354456,-0.29740907455188975,0.890359716514276,1.2843131570639803,0.16729271137533086,0.8837146816042166,0.7056877227804695,-0.34665119358982915,0.0,-0.34665119358982915,0
0.015634948623181488,0.1400802575169281,1.2757055523847716,-0.7618301343658902,-1.0087617264499136,-0.8447882792299638,0.6680116977061635,0.4833395058547799,-1.1354116010829216,0.302119541929387,-0.20807995332891924,0.0,-0.20807995332891924,0
0.815148375579447,0.45825180693370327,-1.5431235755505666,-0.14814892530750445,-0.1757828743681846,-2.090659735240463,-0.7083469871460286,-0.542205064347901,0.572555437360584,0.5665753860366768,-1.2051882978851198,1.0180597435597403,-0.18712855432537956,0
0.3061161014741376,0.28113526377590314,2.07261541408298,0.03325257457415529,1.6518925907788886,-0.6338350232968138,0.41489978621444173,-0.26771955189545027,2.405981882521735,-1.2488911959035383,1.216758186813625,0.8402150337308738,2.056973220544499,1
0.5729810902002062,0.3363592150582876,2.0296287147867464,1.1737448865234228,1.4823101799331937,1.8878799747755644,1.3872532343067279,0.5298131238122123,0.44338858748337523,-0.5965465065928228,2.7422008529486233,0.4049831817049786,3.147184034653602,1
0.5235265058935034,0.4035520393431413,0.057843660756859434,-0.6023203511466215,-1.1853048322035429,-0.2532305095762534,-0.9402884128277464,0.571808636459239,-0.8863322740758665,0.9591738951919931,-0.6597983327520273,1.179854700672042,0.5200563679200146,1
0.07956923925529358,0.8257818125372792,0.7106620603318398,-1.6222029043499504,1.7890807548471523,-1.5929450589463945,1.2039042034645395,-0.6988438578416526,0.7452278363672691,-0.03628891431152537,0.8285743650947105,0.0,0.8285743650947105,1
0.12202945969214407,0.43355252598928684,0.0029997996550401303,-1.2762430067101025,-0.4200764726334467,1.557619304686597,-1.2245526378103697,2.013117745806037,-1.0236322511300986,0.21120619681904532,-1.0096053475966018,1.3760825101599186,0.36647716256331675,1
0.15959211067679968,0.5022639488610747,1.4736587819134481,-0.9655931126999466,-1.2524376436764126,0.7675479863844,-0.7637058604146322,-0.22361836265030613,0.5158729449668243,0.04003117280195788,0.019993290241299592,1.1761497721431575,1.1961430623844571,1
0.4459173834042286,0.7480406807701095,-1.435793411389478,0.17536581105627957,1.8218389501666534,-1.1809311715962105,-0.6703928848281628,-0.7024405096893102,-0.08896419244173837,-0.5746384332296985,-0.3029606792559538,0.0,-0.3029606792559538,0
0.040732003069716805,0.6611041063734113,0.06783378377233329,0.9034139107418008,-0.5587240205219595,-0.48281791947869024,-0.13533118982124132,0.7724005792009746,-1.0201282510888623,0.6708088042173499,-0.55228987555712,0.0,-0.55228987555712,1
0.5034776042736817,0.0433009114555859,0.5642553781941138,0.9532333776855691,-0.8661260697554086,-1.06302420781517,0.24444422141853311,-1.322856626391977,0.09253424403132453,-0.25475576877244244,-0.36608889583246695,0.0,-0.36608889583246695,0
0.3765678971523315,0.8113845575482865,-0.5985142051568734,1.6590787748019529,1.3934774202412121,-1.1318873344253602,-0.20181150321609073,1.6813845537110481,-0.21439753595062672,0.5604622774356032,0.9389322447788117,0.0,0.9389322447788117,1
0.270479613251591,0.8306805006888505,-0.5621052160037603,1.3302788116302469,-0.10052371286964032,-0.10199925592951399,1.0382076547258123,0.41020949566598564,-0.017175499945439966,-1.142719028560217,-0.6114521645640605,0.0,-0.6114521645640605,1
0.5691244663749306,0.4587624509772158,1.1745421556565923,-0.018606432382348895,0.22178930056925142,0.13676893975543505,-0.3319097470602576,-0.5360250293592952,-0.7875712331072184,-0.4491113304749037,0.8056537859114281,1.330318511121566,2.1359722970329944,1
0.22333165318454073,0.7293747846467887,0.8635939014713484,0.2808172053974977,0.26295378207265385,0.48852528029913467,-0.8503630277613365,1.343883381209315,0.3313223388620065,-0.08760910715618704,0.5299783977525048,0.0,0.5299783977525048,1
0.10740155260142292,0.4486626654419018,0.44165067402106845,-0.6518801225261458,1.8696517212268293,-0.2582659043424688,-0.4049589593448103,0.24850784156678424,-1.1470847045503334,-0.26931683711726173,0.61479192874675,1.3159837476940142,1.9307756764407642,1
0.4949020165191841,0.6943256783860194,-1.0113803263179086,0.8734796068872234,0.9972847885387907,-1.1047688472609447,0.9213574006445702,0.17084667871661394,0.4865269527666887,-0.5128282037141254,-0.46326595289043493,0.0,-0.46326595289043493,0
0.266331650832613,0.6490955963014817,1.2356395476219968,0.8603241746313477,0.7893066709855445,0.5842049361768559,2.7562434128001847,-0.05824496487329828,1.0273048057350538,1.3828822073636635,1.710241158904618,0.0,1.710241158904618,1
0.8399629344751556,0.3484144964793644,-0.7851098826833346,-0.5228735523317665,1.0159687683129048,-0.8199909199555662,-0.011610690765367738,0.02767342395500457,-0.04680094480277717,-1.7295324352729455,-0.14419758097451965,0.0,-0.14419758097451965,0
0.2036296488031737,0.6466359972886636,-0.2098391640881466,0.8020172367205508,-0.12340225899840215,0.4687863252149765,0.07568710808049009,0.32873526796846025,-0.7644139269776794,-0.759957411192702,-0.777537548034862,0.0,-0.777537548034862,1
0.9811564082599634,0.04376065255529038,-0.7822389805166143,-1.2618290663634877,-0.17484200400035974,-0.7373869218353317,-1.4783366084200988,-1.109546495340738,0.2409212396391007,0.08023820380351834,-0.3610792798804457,0.0,-0.3610792798804457,1
0.5622326937427548,0.4402128622148166,-0.5752046746453009,-0.8680290138961791,-0.3603118740752962,0.2567006080705654,0.21471588881767617,-2.0738238633214308,0.27295708795294105,-1.1496253913409078,-0.9296327105449034,1.275505594437967,0.3458728838930636,0
0.23768760503849984,0.8060705490935494,-0.3600519336076165,-1.0469952993529872,1.014133276472785,-0.8308894685072998,-1.408277880684223,0.11408929058351439,1.0652600952492948,-0.46345567428231477,0.8091018334618159,0.0,0.8091018334618159,0
0.35245861519316857,0.8422999263230231,0.10710980106039751,-0.6620449061484627,0.038460584170663815,2.0227927148762763,-0.05663495726162636,-0.1317695207837291,-0.736384700793651,0.1714610780786594,0.35742451160638994,0.0,0.35742451160638994,1
0.3940572723879999,0.015828526111538732,-1.1505139615823434,-1.5670203714567668,0.06964165600920529,0.18730358966887956,-1.656890343472355,-0.05704411142330554,-0.7498719437514371,-2.4995421308314163,0.3337949115957484,0.0,0.3337949115957484,1
0.2364881037083849,0.9686767310151411,1.2528848899633582,-0.546020886256482,0.8614677891512426,0.3187876088809061,-0.9516178359488902,0.8932707974345486,-0.5601553972322723,0.39208372039365563,0.8628801805084689,0.0,0.8628801805084689,1
0.43560957659819655,0.43844341583505275,0.27644131192184496,0.24859644015975307,0.6789948669033581,-0.09789622763863909,-1.1283794816226111,-0.11241097194182625,-1.2166807007006746,-0.2913887922834866,0.39471237188530833,1.3896995993504249,1.7844119712357331,1
0.27348385619895244,0.9372202134748743,0.8168774389557708,-1.1385651865811375,-0.3501184422883083,0.4897153726159655,-0.47130532504601336,-1.155644039903883,0.9422420323938785,-0.9549415658143875,-0.07669577607324818,0.0,-0.07669577607324818,1
0.47795872669718076,0.7363969286559254,-0.47184985643698263,-3.0225553267479564,-0.1434397308918945,1.6567706741644117,-1.834821262991101,-0.10021810272607626,0.9777150542976885,-0.9898576119475269,1.0498619034196695,0.0,1.0498619034196695,1
0.3211232097911113,0.06864988440069286,-1.9851885573507149,-1.7796232933407734,0.3203977329978467,0.4360697489219087,-0.9017246696408872,0.1756545598215247,0.7635435400843523,-0.3914476978269535,0.10706134477863855,0.0,0.10706134477863855,0
0.4385665985065811,0.3355602697316409,0.7987454587112826,-0.888405054291,0.32466180436254327,2.2807853262237217,-0.24876474774519966,-1.073788680109872,-0.8198298812368235,0.8573104704040626,0.697716483209022,0.9563324304156695,1.6540489136246914,0
0.8365470068204502,0.4185720900098794,-1.481019060602142,0.22642662915460074,-0.2495323200985249,-0.41535065645210256,-2.1822757868044236,-0.3942288811379578,-1.353065745954716,0.5319676471746928,-1.369597548135607,0.5209495026762092,-0.8486480454593979,1
0.1539844961638629,0.12717467444836317,1.138617031550445,0.5366028178381445,0.9774126902829697,1.195772300920311,1.0471124984118223,0.0028960930690630606,-0.8450043515784492,0.7909528777986296,1.362581589853547,0.0,1.362581589853547,1
0.8336185922941038,0.09357719671474429,1.028599987734264,1.7568879459326336,-0.6681316858572832,0.7947535206495658,0.32676478666900766,0.5462612358715392,-0.519173669667157,-0.8247170429743739,0.8683906871370916,0.0,0.8683906871370916,1
0.8251483164174516,0.38642714838846404,1.0018025880950694,-0.9596986070239154,0.032308948146427915,-1.731767368203739,-1.3261356096640955,0.10923818072906534,-1.2255504509540482,1.4774367638876331,1.898084880310651,0.0,1.898084880310651,1
0.2381769274365263,0.7951045005395659,-1.0845619040685783,0.29011587485525553,-0.6824239352877199,0.1440337072749846,1.0428604436877165,-0.2575766205177575,-1.3124500533407617,-0.6742387636486195,-1.4163783558796648,0.0,-1.4163783558796648,0
0.1355743614010141,0.4690999933224378,0.19204071892578753,0.5911346526405878,-1.1932020471583706,-0.41680201991450605,0.9055586097905044,-1.4223033535547334,0.7450186841810661,-0.9611916742431907,-0.8153246145831299,1.2756078678624085,0.46028325327927866,0
0.08334743785868648,0.5671453659030767,0.8879648066768998,0.2880237534542494,1.034664226264177,-0.5783484321288325,-0.8293791920080699,-0.8591207466616705,1.1856850134910646,-0.012315377452909637,0.870326515451942,0.0,0.870326515451942,1
0.43816093990052807,0.8598884071831729,-0.19123638462749423,-1.3193091109401835,0.4732199788162798,-0.2685541928876132,-0.23315763292233846,0.7100391754212001,-0.7935016580955573,1.3055781380366533,0.7327550441699064,0.0,0.7327550441699064,1
0.3615417474165814,0.700994813735222,0.22569678579968822,0.3889125957239892,-1.057273875843702,-1.044554537954843,-0.09254793169912724,-0.5076578392887816,0.6626173606863005,-0.36616008614023277,-0.6966048464417878,0.0,-0.6966048464417878,0
0.4928575275156707,0.4252301639578949,-0.9613190856852528,-0.7419315407785553,0.47031318068867733,1.0802960383314097,-0.24299436258789292,-1.10496332345618,1.1793144608383317,0.5734362932687295,-0.23850018929027986,1.2955152895493427,1.0570151002590629,1
0.41109970589921974,0.5086451274189624,-1.5690232718445845,-1.668406332982153,1.493301387177731,-0.6903566322023829,1.1236954097822427,-1.1023178293480964,-1.2975656145438024,0.5418857964113465,0.055498208334656095,1.409193683809937,1.464691892144593,1
0.1628989002382325,0.5364550304118335,-0.3221056852757916,-0.8160756826848135,-1.7937330814987749,-0.4444962239896639,-0.17995370763237553,-0.13802585024109987,-0.5353022895987971,-0.6122919142940583,-0.814325433961655,1.0103454780910788,0.19602004412942375,0
0.2051393916800105,0.44436661143578016,0.6839562818576297,-0.9746828672461137,-1.8597139358369872,-1.264781273110895,-1.0298832048893427,0.9652890112581435,-0.6970477186536539,-1.811113269489628,0.28253907487290275,1.4160535584937286,1.6985926333666312,1
0.2506447180137823,0.4982192094496942,-0.197341160460289,0.9210996339387629,-1.434700051175369,0.6013936245001097,-1.2331494142841346,0.12893434762812536,-1.2439433864310616,1.2822412716541967,-0.9787274022671945,1.2941696996146548,0.3154422973474603,0
0.45588614137553785,0.7074753405082445,-1.2360454921635042,-2.2660492336952203,-0.42150954404493296,0.7117111283829575,-0.07666797408337186,-2.014022321901166,-0.11520846685007785,-1.0583460199517187,0.26356298796623007,0.0,0.26356298796623007,1
0.7566050971342069,0.05504119376568217,0.4606163681675012,1.0866357402721158,0.6956439295074216,-0.10998012272683465,1.4520389680117218,-1.4526193126486313,-1.093803564003568,-0.18460133710200585,0.8039231736165541,0.0,0.8039231736165541,0
0.9107960328666264,0.3077601954438596,0.62892360846126,1.099133177455936,-1.9658599680279552,-0.27259071463107887,-0.9628864465772061,-0.029770330380891705,-0.09309506402866148,-1.7481522163260725,-0.03191796098388752,0.0,-0.03191796098388752,0
0.2997641835056861,0.23189434271621834,-0.2213915957740207,-1.117030861179369,1.0687234358024944,-1.8346280321569022,0.21280912298971175,-1.3483864506326857,0.39997223388896,2.748552860664456,0.3722778381450931,0.0,0.3722778381450931,1
0.673081771986031,0.17936394516919296,-1.3537933782446305,0.26122828809902415,-1.0050177532089093,-1.2368088525807215,2.041219455631186,0.3405275540819372,-0.2968778760363924,0.626043589157445,-2.541929660952831,0.0,-2.541929660952831,0
0.2380936911505669,0.7732485436342312,0.1332347524766365,-0.4900934693627839,-0.6974977074419958,1.3124471763404508,1.1800420717523266,-0.5789486787416234,0.403108413751415,-0.31473809877162473,-0.18655823697471782,0.0,-0.18655823697471782,1
0.8484693912674153,0.25432659106506106,-1.8633957299577943,0.2951210152780926,0.8294514262969425,-0.7058224700332113,1.920313326468945,-0.30447690450854764,-0.9002108800767711,0.20428299022719024,-1.2966895898470108,0.0,-1.2966895898470108,0
0.004218719950244143,0.35681984044412396,-0.08716142846482705,0.16587350217075358,0.07687026925804057,-0.4830682638499113,0.67108525417073,-0.9184355089639082,-0.9276331804132172,-0.8581420766361348,0.025781683404344176,1.4865601131546264,1.5123417965589707,1
0.5380865850361207,0.3131236608839807,1.4590831649204712,-0.03401063720603994,-0.044905510812744485,-1.2714396898628433,0.8828030857110388,0.04205591799640587,-0.013509783347214166,-0.3860544138419752,-0.5217002195217455,0.0,-0.5217002195217455,0
0.15440414465100694,0.02190030834035428,0.3967076362203673,-0.44506839862331316,0.582250993961015,0.4257224901618909,-0.6535220505342764,0.48887006989561327,0.7713424403399554,0.3873958973433161,0.3685254896688109,0.0,0.3685254896688109,1
0.24904657414203613,0.9727367960213442,-0.5056452121517782,0.4446358635480089,0.24849408094513475,0.7042993366570202,0.8279999291897313,-0.9118228351238219,-0.6668738370635782,-0.45455995251139314,0.18938202302296653,0.0,0.18938202302296653,1
0.16702182561948553,0.0842640912951712,1.699891322581834,-0.576836094239538,-1.2587092795894752,1.215091544275091,-0.5279389580605227,-0.8388851480196597,0.6686246393188842,-0.9851956488062598,-0.09479385566232316,0.0,-0.09479385566232316,0
0.08172927681736863,0.6184140301744382,0.7840874007412071,1.453305770222594,-0.3876906971621727,-0.5552509377497598,-0.09701294164186568,0.45541229556657525,0.7755760880888615,-0.32371946351961356,0.30566317983616775,0.0,0.30566317983616775,1
0.052746795853942374,0.46354323668208974,0.9528869946130516,-0.601482444266602,0.8094358505947611,-1.211210961597262,0.5802042300068744,-0.8603621094461698,-0.17814803986994804,1.8941289809284052,0.5770930589227167,1.203556884721186,1.7806499436439025,1
0.33937118137414923,0.01326842026658348,-0.5496894362452619,-1.1166734580275184,0.8131756760503078,-0.23423269727640791,-0.3381129480762955,0.5591848694164923,-1.6024504687868584,1.3219779543273906,0.3636859676326557,0.0,0.3636859676326557,0
0.0437462214164005,0.2983942075128294,-0.8026493232236857,0.23861139146749197,0.030223697544528697,1.5444868160596241,-0.04235841557275407,-1.314554939357881,0.6010318520397264,1.3981028146227872,-0.2597552812949469,1.321521901491768,1.0617666201968212,1
0.01971630934003099,0.18527714268699835,1.5209312382657296,-0.2452336979184675,0.25659098263830954,1.3154308423279921,0.4527327550448449,0.40165800621998243,-0.9741914937917582,1.493683566492099,1.2495015271175496,0.73319113176217,1.9826926588797196,1
0.6006878465860577,0.0712221701100959,-0.7616460805276476,0.4811041953551156,-0.7252299037452666,-1.8543586467571385,-0.7642857963969134,1.2401675211053547,0.40328281703394203,-0.7058382222988634,-0.7257812983684684,0.0,-0.7257812983684684,0
0.345067314834524,0.22857251555182234,-1.2963011161717204,0.0842564201659226,-0.7814497537420875,-0.7140162935401291,-0.9368716095942611,-1.1975835375279316,0.1079781873690508,-0.4614736189750151,-1.37125647746936,0.0,-1.37125647746936,0
0.3453830224565455,0.34049615475965633,0.014696554615314746,1.2326400045061576,0.02144606160968083,-2.7006685307729335,-0.4143063443171768,-0.571933609215683,-0.2647593869059768,1.5610133379439355,1.1488520269912414,1.1378310878798148,2.2866831148710562,1
0.5647725313780169,0.013930934047322485,-1.4527863071567206,-1.2371250814408243,-0.2801481179702943,-0.024900282722849606,-1.0841452841141968,-0.4623666223650306,0.9570196976475037,-0.8255284548476921,-1.1360386823446358,0.0,-1.1360386823446358,0
0.7224231450945983,0.09803307459488775,-1.253950819214845,0.013798396658269835,-0.8933471792095742,0.8250141659983149,-1.1149435643799892,-0.734614832910765,-0.04863479138838857,-0.7556658447695832,-1.9285324924211333,0.0,-1.9285324924211333,0
0.13062685176296251,0.2805748281629934,0.9857765724951555,-0.9146634857971105,0.1901853796571896,-0.1306326100959354,-1.2504332784760415,-1.9680802392138053,-0.14637466084604864,0.7360322574484406,1.0827541647683474,1.157970989906407,2.240725154674754,1
0.0812707810739638,0.39558158252877207,-2.788024255499929,-0.15698795198967494,1.3196870958977254,-0.9514064743836589,-0.41406208948576756,-1.8735069727859406,-0.9112544014873715,-1.134243464342215,-1.1875935149431638,1.4470911339478163,0.2594976190046525,0
0.9456555942104493,0.19617180122141809,-0.9504512775378929,0.10167005420874323,0.03911203437073688,-1.24920530551095,-0.43092896752165016,-0.523187166010323,-0.1875886015507043,0.28788113479036254,-0.1377503155462331,0.0,-0.1377503155462331,0
0.7820816904132457,0.47895491554669234,0.9913975796802655,1.6748696959301608,0.5824114036788759,-0.983316567365479,-1.5557179623325448,-1.3872488507361511,-2.2177023454154607,-0.3431021056423239,2.298815376914401,1.1707001956072256,3.4695155725216265,1
0.7100863267381857,0.08572285753325992,0.508784539848413,-0.9365349714063264,0.03170472844783808,0.12649696527345763,0.24294391237223606,0.541923023230786,0.6332256377363116,1.2356211674557533,0.7890107277628419,0.0,0.7890107277628419,0
0.2417091784402423,0.11119694978915262,-1.031185241008765,1.8465235195120189,0.5873696889381383,1.2674562700988337,-1.396669105532207,1.8250986319137679,-1.7865462575790216,-0.28760131171454273,0.21493721758561254,0.0,0.21493721758561254,1
0.9444661264745305,0.026186167901256163,1.8391618164265218,0.36659469888745566,0.3395594119666502,0.7984457935371578,0.8757986262581728,0.3925443356213682,-0.7835790134427032,-0.20645270282769806,1.4878587849379925,0.0,1.4878587849379925,1
0.025215223258003516,0.6158048254303166,-1.0808063291637013,0.23544710441464403,-0.22509957660194896,0.64350532892468,1.3798613179562185,-0.8118250367242229,-1.0113026646489356,-0.6829006699364044,-1.156450691149288,0.0,-1.156450691149288,0
0.48204800374803614,0.6450083326233236,0.5099469235049483,-0.09126681963317497,-0.7436519185760668,-0.4466325502858673,-1.7451689425924428,-1.1135029726715322,1.425377961439724,1.1766708228691194,-0.3451706349714255,0.9251552268230372,0.5799845918516117,0
0.0905858879460657,0.5053428190006918,-0.1914280127728418,1.1326738095775017,-1.333535125279311,0.6375679410740038,-0.7667203750647119,-0.528464789260435,-1.5860286717096426,-1.3925332522932574,-0.7255196011625107,1.063690699221174,0.3381710980586634,0
0.06057032392335082,0.5507069247874905,1.6485566124461186,-0.093088923881752,1.9853284163844576,-0.007280685054532847,0.1196063408746836,-2.204278793184752,0.6106012868335531,0.6048428681774816,1.0834845581902082,0.5168501633892999,1.600334721579508,1
0.7231288428801567,0.059185701104456534,-0.5676947229425363,0.8646479534728453,0.46517713113974607,-1.7377810890860148,-0.3338699771817654,1.0372450484376519,1.3287843939138941,0.12655704594812706,0.35446369169952097,0.0,0.35446369169952097,1
0.7470516890869313,0.0686360478513639,0.09612966398292201,0.5953983251072732,0.4033347907860879,-1.8310113740649931,-1.270796834530089,0.42395561768450823,0.7232793718378762,-0.7017310047051989,1.208933280525505,0.0,1.208933280525505,1
0.19728941786001675,0.22296325944280748,0.8169027191736905,-0.08558838568516157,-0.3480058714933141,0.521561958619909,-0.4085301596013355,-0.20260827810880547,1.4060328683391423,-0.26621253707644815,-0.5390658635628025,0.3657460692070273,-0.17331979435577521,1
0.8251200006293895,0.13898366531390338,-0.3063028097970615,-1.0317560694711634,0.14579494968163512,1.3671424540358994,0.996822093100983,-0.5375783430303056,0.8483486422652838,0.41681018535134556,0.8969830194310777,0.0,0.8969830194310777,0
0.3254341736782943,0.013430604924190681,-0.584827130575758,-1.8135729382331007,-0.4956407199561138,-0.36890914350659276,-0.4882759913862522,0.3716278458272865,-0.8431845089327508,0.39511302720814767,0.03281731546626303,0.0,0.03281731546626303,0
0.11689999281726826,0.38543637300989153,0.3515160940229176,-0.5817037833774005,2.445728133073074,1.7403021214970789,-0.9123472063390987,0.8922496006132677,-0.31532432456778453,-0.5723764740126746,-0.08140508450599378,1.4991220912966312,1.4177170067906375,1
0.9906713940109676,0.1737314169101104,0.075336219263583,-0.7463071393166127,-0.7459031814616415,0.14307405415605223,-0.33756936330150566,0.5841652148538428,-1.324974296252012,-1.2108149346831467,-0.6837977477040017,0.0,-0.6837977477040017,0
0.7759100836219185,0.23762289332722997,-0.3261985464507445,-0.47491527714360565,-0.6254403732912488,-1.0684483043990858,1.057632238404004,-1.0126752924369355,-1.6312520274088635,0.916006674729672,-1.416854858522797,0.0,-1.416854858522797,0
0.4188725736702278,0.7264350233946198,-0.6877240438862874,-2.681152707467797,0.09169049048559381,1.2685977068457859,0.9321695041670889,0.09115235051845881,0.2528155006647627,-1.1972523810419586,2.850753707491352,0.0,2.850753707491352,1
0.4337746779385586,0.07164394730689982,-0.855769403298221,-0.3556995339299074,-2.5480403690337696,-0.35182211755774384,0.5825344870416602,-0.2275337705995881,1.0814285163478679,-0.14938869969883592,-1.4053256803738505,0.0,-1.4053256803738505,0
0.30177745708595993,0.31114043929757307,-0.7304145109679105,-0.712542267503022,-1.0124834051326128,0.1823681656080988,-0.24597352626068195,0.8476157064706163,1.0615791588638541,-0.5330300062567611,-1.1400605033721418,1.0570977372006567,-0.08296276617148512,0
0.6573379255459819,0.4902186096161567,0.8953655653216187,-0.25462894987900286,-0.3309661506935915,-0.1661692388269942,1.8751164811010301,-0.48947382209751433,-0.571528675706697,-0.11134316322027563,-0.511171708889439,1.345922239227084,0.834750530337645,1
0.7809435247861534,0.40710287937122935,0.15731655748809723,1.2360289160598974,0.7882877304918096,-1.0214551279162527,0.9720830499977497,0.6917271850844436,0.4041565484256521,1.136775197809037,0.46159151427952966,0.635713699396814,1.0973052136763437,1
0.5537292669486368,0.19274379794230612,-2.8216292623244663,2.3029388741202097,0.23852491681350457,1.0424374543415882,1.061600717894852,0.10130197549318558,-0.11212318505823562,-0.11006413350667868,0.9733169464112507,0.0,0.9733169464112507,1
0.9543264687110103,0.12090141086297379,1.6970200622691138,-0.9590863274713161,-0.6151370062175147,1.6307921956464164,-1.6526611842075274,-0.4738994385673403,-2.203397215199889,0.011612516887048521,-0.6297681429162391,0.0,-0.6297681429162391,0
0.013586625152038012,0.38948631132697764,-1.3400428704954965,0.40771267385145876,0.8883443408414808,0.407632089272453,0.7455109018939542,1.6917371631911156,-0.7066356602688691,-0.8541155747030021,-0.37886530402834484,1.408930159613475,1.0300648555851302,0
0.47195149048139984,0.6840947728166966,-0.7439169875337968,1.4859020096648632,0.47454127569686777,-1.2765337854065517,1.2843345102490715,-0.6524517246198946,0.5604798615215687,2.4136034465559306,-0.01788581307893292,0.0,-0.01788581307893292,1
0.3680727962514464,0.951996835051849,-1.0696408414359706,-0.9443212443988499,1.9628607968432492,0.16690338246409664,-1.3903931794055422,0.3991014169930881,1.1765821012068944,0.09703571038219823,-0.1623952764160814,0.0,-0.1623952764160814,0
0.44435170317635175,0.8453577892256336,-0.5988691116089868,-0.5378451878176774,0.04116812118744105,-2.663650971602315,-1.235364168240131,-0.7448247938756815,-0.6736352449093386,-0.12582506801726517,1.1565637108277913,0.0,1.1565637108277913,1
0.06497327358180793,0.6737647053183171,-0.2840759563837755,0.027460226421818765,1.8872253202800158,0.08569193855559462,-0.42464017911143415,-1.2635309202122644,-0.36460690824144004,-0.020009792893352887,0.013291641099201406,0.0,0.013291641099201406,1
0.007988544896867067,0.47430392150573975,1.0676439120047454,-0.33221421245785737,0.4366012006967494,-0.7457165266662135,-0.49896742759313223,-0.15681526503809948,-0.3312637353845163,0.7039274277526447,0.9391946485417798,1.0959596269591225,2.0351542755009024,1
0.3422274415812211,0.9977130413847036,-0.5141705463617126,-2.1664194130602246,-2.453776815625035,-0.39657424466972985,1.5881423396269634,1.5138540880284712,0.6470270430599497,-0.4962644724953974,0.287552113832654,0.0,0.287552113832654,0
0.2104909684405557,0.8560187994619788,1.0995977232238832,0.5886289802386194,-0.9099967162951937,0.7827246356757475,-0.7340256002381568,-0.7723847160190519,-0.7448744343893169,0.15846186202067122,-0.39294797100355733,0.0,-0.39294797100355733,1
0.24260821630315144,0.9164894594571665,0.17216592286740923,0.4288360797706639,0.04296490807191898,0.2738573319382835,1.0682082934345583,1.1235190169511053,0.5669903484201447,-1.0928805470965488,0.44845508769637343,0.0,0.44845508769637343,1
0.13202802270617386,0.874463458901244,0.4584404228656978,1.7105147726038665,-0.34633749833444394,-0.3331738379236825,1.2221170059802282,1.6118015688627017,1.0592309210667012,-0.290224869154136,0.2562881261844951,0.0,0.2562881261844951,0
0.7399695991529653,0.2892559312700137,1.219898689704714,-0.6224713925248538,-1.2393037192735659,2.3576685876454992,1.292363091819284,-0.47831982469560486,0.02554629918145493,-0.5709116039191173,1.00479542653946,0.0,1.00479542653946,1
0.12915251748315015,0.08337302379353062,-1.7748903329975094,1.2988474222802127,-0.7639171444106738,-1.4369213586995606,-1.9603627548340947,-0.28393260995792546,0.7469026652407996,0.2912403691408922,-0.24010843521410777,0.0,-0.24010843521410777,1
0.861812328611487,0.38580638117477517,-1.2938422975515549,0.10164431774008417,-0.05557050484548567,-0.06795791637975093,0.1949439175282583,1.0662404640328955,0.338340589771385,0.22900643046119779,-1.6168632894256632,0.0,-1.6168632894256632,0
0.11051647915174212,0.7480927311593324,1.0008666899682774,-0.16217612962749148,-0.6270486197101127,-0.6886091239197241,-1.0689403034257958,-0.6489248492136388,0.4921008659062394,-0.414037260845846,-0.08657367673353396,0.0,-0.08657367673353396,1
0.44268374767496854,0.31313804916623333,-0.3510037424517355,0.7443073480400539,0.08996063076350547,1.8728866496538044,1.2027995356948433,1.387324209740902,-2.1373154913260883,1.026730192807921,1.0105830639758835,0.7453060521741529,1.7558891161500365,1
0.9712568354239203,0.07557268526138228,-1.1438432984268485,-0.2776993259218983,-1.9996712522112583,0.44467679994010634,-0.4911464645183966,1.0712294575325996,-2.710124020127531,-1.461894712785753,-1.5853543403099721,0.0,-1.5853543403099721,0
0.6601087426432705,0.3600271108356413,1.6338108858511675,0.9952158093632506,0.2579093330898745,-0.3016634641654195,1.3005595845692486,0.835595437666763,-0.4841529062735653,-1.3043831156738968,1.2901521699453422,0.0,1.2901521699453422,1
0.6093845270067992,0.22527029390996234,-0.9496590268625356,0.0247082339922576,-0.1205385386264683,0.6866165680849431,-0.2076326749006372,-1.4212807281932862,0.8742256317196897,-1.1020172420816836,-1.4796554811304274,0.0,-1.4796554811304274,1
0.6516081683558641,0.3348076356778169,0.04811852421279109,1.126273310405531,0.6776194733223402,1.0354640236998784,-0.0803231656242153,0.733019811307919,-1.7568726024577201,1.0052024101633894,0.6386105974270619,0.0,0.6386105974270619,1
0.16912997126538143,0.37083419658271644,-0.6957824665130009,2.227332959902218,0.47133871690674295,2.7448563941788033,-0.3895531341578218,1.117969788629739,-0.14996514070590977,0.07667967636111504,1.2171292378951113,1.423999201140576,2.641128439035687,1
0.46687173034353446,0.9232612532627025,-1.8566589789062995,1.2151106437911987,0.27156847252556615,-0.2542460805457257,1.3826372095295691,-0.04298333301092884,0.6785246519907443,0.9714968254779577,-0.4225419617311678,0.0,-0.4225419617311678,0
0.4076408825002842,0.30843261752670303,0.48662319069363263,0.22502418277173497,-1.4432366022560035,-0.41039652190326065,0.1363647591295083,0.07926090781854787,-0.9909460578620373,-0.0638999167977912,-0.6463618850911529,0.8096848297378687,0.16332294464671582,0
0.544643817260221,0.3452761631277361,0.9774433778754056,-1.6034077687451223,-1.6254053253043579,-0.12998297853768867,1.116276085425611,0.08160892776760904,-0.5481172458374207,0.11934175449558256,0.505667307640752,0.7637500306997824,1.2694173383405345,1
0.8152724888294766,0.1772773815337586,1.2421231433156028,-0.9011441951377399,-2.078957610292192,0.06638441367422356,-0.16575578502705102,-1.6989235872457669,-0.17934462136917578,0.6399444048681421,0.0591163815150961,0.0,0.0591163815150961,1
0.8255449256747689,0.17877912357375436,0.4469880471390171,0.3141073577061121,-0.3833231998928977,0.6619538447732887,-0.8124798905783808,1.284683423352761,0.930445477566205,-0.5987837064997914,-0.8257783087376933,0.0,-0.8257783087376933,0
0.1012880519065914,0.7513979887736828,-0.44325086237164674,0.6518881496901856,-0.32342543228426984,-0.35184213669993886,0.0989232599822771,-0.3259113003786154,0.8705553192971628,0.7282421129823814,-1.0098354307790371,0.0,-1.0098354307790371,0
0.1375584946718067,0.7861270938689454,0.5641998218503992,-0.2217270018416781,-0.26524636029225057,0.4839313184404966,0.9152076768441586,-0.5028327974655197,1.415024524757974,-1.6254524338177145,-0.4231293877060838,0.0,-0.4231293877060838,1
0.14601697127573543,0.735576586215102,-0.061728525986347337,-0.7247001085245337,-0.8198445111462606,0.23930700948510436,-1.5667034616703643,-0.7147807498689162,0.16803259597195608,2.7266597479467136,-0.8889366725950694,0.0,-0.8889366725950694,0
0.1451437319914849,0.9121802710271024,0.5620011639211715,-1.2860309963246221,-0.809544837247788,-0.4202653410259304,1.7450743928274488,0.7889924845021562,-1.0501994502612235,1.425592619003006,-0.2685049355330307,0.0,-0.2685049355330307,1
0.034917202781980294,0.25442300619267166,1.685659842661245,1.4622262793050793,0.32377935245698614,-0.6817977700507114,-1.1088941895510653,-0.05278314863782135,0.02497084666994524,-0.9060191562025056,2.1535427654837287,1.1690640911406307,3.3226068566243594,1
0.16602347638949477,0.33995155697094315,-0.8573080783131652,1.2424591303050976,-1.20008474161053,0.38144107747348877,-1.075434760265364,1.616005847412573,-0.5169866435431391,0.8484853590414707,-0.9653706287835643,1.3369950133141415,0.3716243845305772,1
0.3335911325000894,0.2996492581730298,0.7268675181022808,0.40083249358978,0.68847252190906,0.11942599498284105,-0.4924724732031388,1.6010564360953836,-1.5118403399919218,-0.5005435215319916,0.6148439959038434,0.9249026060809181,1.5397466019847617,1
0.31726253808240434,0.0407855432320654,0.10446485892323336,-0.13789592011696902,0.09004118129642392,0.36314064585177097,-0.9452203844798007,-0.658676099974815,-1.044112505966658,0.0914450245278384,0.12030182782698781,0.0,0.12030182782698781,0
0.8050686735196351,0.20193522460805846,-0.1455619696709455,0.7517439375870723,-0.006685638202789723,-0.15477739808854815,1.3715488513756955,-3.1889596255859516,0.7843028990206529,-0.1762588733055206,-0.8609970601748899,0.0,-0.8609970601748899,0
0.16793999825141426,0.947079946162524,-0.043972418164838996,-0.06825220203596423,0.34076916755305203,0.6408202429356336,0.07178684364090873,-1.444760856073242,-0.3751803028112482,-0.061460765083272764,0.17567322410293398,0.0,0.17567322410293398,0
0.25440747065565794,0.13080362416665525,0.46789767056669396,0.9002358669204481,1.5653220642569319,0.4391253162473149,0.270681934809648,-1.5250794700218646,0.5198204771194707,0.43138913290377573,0.7745086683414333,0.0,0.7745086683414333,1
0.1280841768775164,0.37624206932022985,-0.01414904520551403,-0.6696537112056975,0.7006488919380502,0.22352120562913042,0.021087232165783263,0.3116300676918708,-1.0203388405074416,-2.205314242756514,0.33833612811030517,1.47013917135313,1.8084752994634352,1
0.07010475294638763,0.19392466043061052,1.2667172758587437,0.030875571010448896,3.0059952886747547,-0.3242765936795874,0.9654940539297789,0.4171123974506436,-2.41438340514019,0.6453766126145168,0.7587988855580872,0.6370135625970258,1.3958124481551129,1
0.23484369704822683,0.2379445213657876,-2.11994907999612,-0.5483561225471562,0.9623184995650493,-0.7359079784354109,0.7473456294775236,-0.0041879053957087,-0.7428705125077393,1.0556725447710178,-1.0660236347997205,0.5176324399986424,-0.5483911948010781,0
0.6173305036621144,0.33396455358078914,0.038745754111626764,0.30521450239018666,-0.1075706676132132,0.45377177892422976,0.8044615854725807,1.1312276266430996,-0.7645654023149918,1.5340218241791068,-0.7221207092851217,0.0,-0.7221207092851217,0
0.15713601714649605,0.5779459933295974,-0.37095809995367135,-2.6493396065705253,0.007951956483441013,0.151441505272471,-0.34571753192233035,-0.337905806588744,0.02787384630854566,0.3058744658383247,2.512738862442064,0.5618825576985282,3.074621420140592,1
0.6443085887050681,0.2302268730912399,0.9370742619561869,0.5934625049410303,-1.2474050709028943,-1.14277975629765,-1.9841091854933535,-0.1542383735121225,-0.4362513546652141,0.800444157247465,0.5541232550958933,0.0,0.5541232550958933,1
0.35884904945111984,0.04638686994680441,0.29716606713077104,0.037562549193730435,0.41954741785312316,-0.6661021953099019,-0.34269732503554395,-0.6944589385674402,0.6382798757206926,0.3966625142680345,0.42690323316280177,0.0,0.42690323316280177,1
0.4326810765563833,0.7470964190829368,0.09476246466927658,-1.9813900147005672,0.023407623335288445,-1.51598343071326,-2.0122843049421957,1.4571687888169012,1.1339164228749723,-1.0190423807499616,2.7704078436744273,0.0,2.7704078436744273,1
0.4266730469216291,0.0520326700103404,-1.8058878848712894,-0.5585457243937639,-0.663758121628462,-0.1829038661223263,-0.9855907955855402,-0.17069268154882108,-1.039201701347771,1.1755225476437199,-1.7161254048184424,0.0,-1.7161254048184424,0
0.2914339283581313,0.6024004514946822,-0.16700020942920357,2.0968566973072806,0.8127164141304838,0.972719122257779,-1.2170750758694864,-0.4488262252478798,-0.15118202121059865,0.5077143342858903,1.258725551929248,0.7982889317584518,2.0570144836877,1
0.3138844573917411,0.004191266017930406,0.2613166617535268,0.05032117083777982,0.1322822754382908,-1.8816290446641193,-0.12138471356151759,0.08471241687569656,-1.0850921426784612,1.4577151945864841,0.4077996247845716,0.0,0.4077996247845716,1
0.21010846466684385,0.774975259218372,-0.690675613457825,-0.2326085652798738,-0.19783909817475578,0.5831956342552389,-1.1884171190188322,-0.482385848970831,-1.332836722133318,-0.9391327985779863,-1.5191348823106863,0.0,-1.5191348823106863,0
0.16846293091813347,0.8394179610412531,1.203862030411381,0.5332737277291167,-1.458935770832861,-0.4069164093713705,0.579674220018872,-0.2400601543733384,-0.17313214540654162,-0.08069709491489076,-0.23547514500985706,0.0,-0.23547514500985706,0
0.24667299608382087,0.8446464732252134,1.8026367138431616,-0.37864403827791426,0.9164796583698995,1.959098101900417,-1.315928271705432,1.0867354516732108,2.58409045993911,0.1996388111627986,0.279184037503013,0.0,0.279184037503013,1
0.5853496064310222,0.3919203510303345,0.02112037437490428,-1.1996120633854122,1.928023582407847,0.025018324958377268,-1.7705469927376707,-0.25670727333654664,0.021006914563720922,-0.6920790326282136,0.7000627497706213,1.0332223836847685,1.7332851334553898,1
0.745020475538105,0.2126642847468989,0.4007888347065281,0.21073673313453822,-0.9161367052317957,-0.19887710447106485,0.5793952318578618,0.3480540458148656,0.3494061600771672,1.4317384728301412,-0.7170111074925974,0.0,-0.7170111074925974,1
0.1687916240034576,0.3715592091691511,-1.1082843863772833,1.3745819578807124,0.1589748844222704,-1.4346746064387776,0.12205249604635857,0.2974270080663816,0.583714728708611,2.150881643192691,0.2001299810282187,1.4262295623685444,1.626359543396763,1
0.250632907377202,0.04588368095003892,1.2935152311245852,-2.121168606103761,-0.45114170362032724,0.9405324784301448,2.244958915352518,1.6488417925879102,-1.1220150587019826,-0.8171112975031347,2.2002617943675364,0.0,2.2002617943675364,1
0.27459588691592507,0.05062047285903981,-0.8600119670866967,-1.7975640137015816,1.2751829548869658,0.16746340752090386,0.3206043328221639,-1.1679671609132143,-0.8864068498645604,0.8726490712826102,0.9068192927317253,0.0,0.9068192927317253,1
0.22835733150073767,0.0948565242770476,-1.282394819676937,0.2264097607533873,0.05442132583471077,-0.7560911398882733,-0.2754765748804375,0.16487616733158672,-1.0562778479423582,0.48063742290033246,-0.42400438398313034,0.0,-0.42400438398313034,0
0.14589893219934547,0.3578972360186451,1.312047317935432,-0.10368340009952415,-0.09449211330774081,1.4294399224501722,0.09966295750369157,0.31147044481495895,0.9856358092483032,1.2510998087246927,-0.13836688922444523,1.407648084827141,1.269281195602696,1
0.2016080047511355,0.021446008062501742,-0.34476793998219424,-0.3629056239543434,1.230493400142536,1.1308669688306807,1.1065537434787394,0.867548120833622,0.5553357578953415,0.15594082739989934,0.4961848445967023,0.0,0.4961848445967023,1
0.12950690920877406,0.13619374936344764,-0.7531130183581011,-0.355560805402197,-1.7874143310642852,-0.043975339349308945,0.7123793797071503,0.8401736210147505,-0.46735814963054334,-0.4846985433040323,-1.2862056970992597,0.0,-1.2862056970992597,0
0.3491850363815323,0.7837954757351645,1.2604176358643369,0.8758473225698172,1.1407231283471646,1.8616297121714747,-1.6085510118760489,-0.6386729588246028,-2.5452398349409178,0.21647826683678412,0.0587405360422696,0.0,0.0587405360422696,1
0.7603898746556947,0.19368835410317797,-1.4852731307903464,-0.21540254345209356,0.524876737582684,-1.627773494796627,0.6243924535472188,-2.039781707736745,1.8037327296766434,-0.7515936415174609,-0.9818864759791632,0.0,-0.9818864759791632,0
0.11717864975246417,0.7962512639724447,0.5731843440109106,-1.515419890806453,0.24655682171999407,0.5989938446642642,-0.11569076952852547,0.33920483684367675,1.1173119834477654,0.6388504465510972,1.3040230196803584,0.0,1.3040230196803584,1
0.9675100662695182,0.2522842545144639,1.5018212500618415,0.5598933057224778,-1.3881190328257522,1.070735924487865,-0.3804170221146484,0.39930539212043226,1.0809985048808541,-0.07202126579748414,-0.12469011667058068,0.0,-0.12469011667058068,1
0.061132972304705824,0.6386921101711887,0.07357195970569826,-0.45344027092507716,0.11554139132252456,-0.8850328814452739,0.9406042575091293,-0.43078625285763605,-0.7084918241028522,0.9496722157719395,-0.006622436472925338,0.0,-0.006622436472925338,1
0.45675643938259725,0.7901995309946058,1.2733024133153477,0.9914975044809846,0.8104049501207664,-1.0751438961449418,2.450673156327626,1.2607842324999479,-0.2673371718980246,0.6441554589594913,0.2751470827435898,0.0,0.2751470827435898,1
0.9542497500861171,0.04718455433340496,1.5288065858931073,0.3749943776876048,-0.4315464069413157,-0.0012604096471058644,1.8410737925191132,-1.3018687129906306,-0.23629766130306185,0.9529069528412161,-0.025532146104103672,0.0,-0.025532146104103672,1
0.22946840526729673,0.5980526434258241,-2.2604119741976376,0.8267540568768358,0.28176503985333784,-0.42752726259341745,-0.7408333585117735,1.7017901963007578,0.6192871319104554,0.8238587052972695,-0.6881807164437957,0.5969689710538815,-0.09121174538991428,1
0.3473593311078226,0.251879187298224,1.0082774523627178,-0.7198806817375105,1.417994079091865,-0.8550081929874518,1.457109158869371,-0.06913357004913642,1.040578518383416,-0.7547270411321862,0.46668391801825154,0.0,0.46668391801825154,1
0.5539478682054149,0.28970279539931454,0.08842259326054128,-0.9253136742888363,0.40823593998066393,-0.5539935903405362,0.21627758087226265,0.7721008868542699,-1.094397354347733,1.68220034709675,0.4973157254316485,0.0,0.4973157254316485,1
0.09631363573580876,0.8544201735338248,-1.5331921864192457,-1.375988113637835,-0.14882969459548195,0.7703977542754488,0.684595306896108,-1.883072238513257,-1.309281474991416,0.8661362782562064,-0.8659165274387876,0.0,-0.8659165274387876,0
0.737692596246636,0.10913704221120946,0.8586709870345427,-0.304456574308219,0.4205524673251316,1.532211604799107,0.055904151658623266,-0.7909517417647839,-1.9546510314570433,-0.11780941470837088,0.714576416870122,0.0,0.714576416870122,1
0.8272662558034923,0.20993902394197816,0.728754303330535,-0.3829986119138486,-1.7799651387941577,-0.5147592119076352,0.14869117568595375,0.6787524275978558,0.6775040216478602,0.734071512710546,-0.4868093353093347,0.0,-0.4868093353093347,1
0.015075878592371916,0.41633690502170495,-1.7527058486638516,-0.2017038045550653,-0.1858774484991776,2.3582998538650255,1.4318844877459505,-0.8901079687576983,2.0923944695981556,-1.0350786064670567,-0.6231452505889766,1.3308276389713969,0.7076823883824203,0
0.19584936581394108,0.2606124687395399,2.372037583715184,-0.09042715264983399,1.4851350953031055,0.22521669314204962,0.44177951943638644,-1.8953946607758485,-1.201178794754735,0.45264697578499835,1.514525587228173,0.9414675783774659,2.455993165605639,1
0.3445957748228592,0.7819040111170189,-0.17678117909981267,-1.5609869394453613,0.6189352170512875,-0.2316187823537694,-0.3484290460287269,-0.560476873844594,0.2996331800402818,0.1468678047303559,1.0004048648497805,0.0,1.0004048648497805,1
0.3286965797642588,0.8337723365598311,-1.2196260071932052,-0.47395843488134887,-0.7847754432314079,0.37673234670245603,-0.69258849626832,-0.46068148545957416,0.003866016066869494,-2.076574890726127,-1.5885090153321106,0.0,-1.5885090153321106,0
0.3177082711085446,0.14657928492831973,2.4812772109671446,-1.19710087187461,-0.045212123074436165,0.727792198275841,-0.3200522648353831,1.768620958489263,0.10477512626249201,1.380387635327005,0.8803140850836276,0.0,0.8803140850836276,0
0.3661461733448247,0.4152112944558448,-0.2686326981248261,-0.08994229529149189,0.1984199842160288,-1.4810210759570976,0.5958750944849223,-1.7969840291528525,1.0146854438934028,0.3619732620419019,-0.283361390259519,1.3828115191949757,1.0994501289354566,1
0.14826680144816617,0.360233070039759,-1.0242959936169131,0.09801504847638288,-1.3177270784911812,0.0024887015456827037,-0.17026813266873522,0.7790946971951466,0.5546433129995479,-1.597477504942803,-1.4654045781620788,1.4121456948349835,-0.053258883327095274,1
0.282309635572197,0.020506743881216427,1.4647079724697696,-0.07439625559588278,0.2612497309764876,0.9857648730292833,-0.5586735239089246,-0.26610239779861,-0.47415350981830495,-0.9304491055248364,0.7820527467097763,0.0,0.7820527467097763,1
0.18800537540372397,0.07976653465102734,-0.5543777395357979,-0.08291192270593901,0.9531078806165518,0.909489171411074,-0.8069156018012391,-1.5124962899364163,-1.9616876690115133,-0.7306518828892249,-0.3856423379482894,0.0,-0.3856423379482894,0
0.9359722678147664,0.2528486362272343,1.0679223912747209,-0.7664093510947226,0.2457696634534688,1.410727862146425,0.5744173441302072,0.3079567455180558,-0.9993216630548991,0.5359944684466491,1.272247800911392,0.0,1.272247800911392,1
0.961381327772793,0.03887710627564678,0.050973793586775354,-1.517786268847093,0.20094381105111705,-0.20311538356426706,-1.6996388696538727,0.37350385392462715,-1.7204212208894218,-0.18084569314027693,1.1724966642127117,0.0,1.1724966642127117,1
0.23931006643139274,0.4199864136804896,-0.01660133747454148,0.7172221532128441,0.46290654966410816,-0.6594789734846022,0.6285363958712842,-0.11785965961915004,0.5801940538719487,0.42145313155485725,0.20851573591253122,1.4956593270073368,1.704175062919868,1
0.08203993306577628,0.15826256581500886,1.2728771763469688,-0.046204041124231744,-1.6422419186190573,0.8112885705012512,1.0200028110120907,0.6744273434480047,-1.777871371726216,-0.7380575836196577,0.08629521905681727,0.0,0.08629521905681727,0
0.6074405571976323,0.28992131358987216,-1.5933405056399608,1.4402294296151323,0.038675573309165295,0.09382344605662093,1.1735793456116572,1.3473726069463627,0.321412903230042,-1.2018602695083933,0.10644227292653265,0.0,0.10644227292653265,0
0.06533922918174662,0.2984045557458671,-0.27195580005423325,1.012674566019666,-0.009507571966351696,0.2635343329143509,0.02263657309261957,1.089544153245551,-0.4870200103915553,2.0160387889171623,-0.6831211128826526,1.3003144407059266,0.617193327823274,1
0.2535961462510936,0.27433441139787185,-1.0010994908849962,-0.025615485723148684,-0.5902339447913605,-0.5028863999239055,-1.7147993258334315,-0.6118561204325594,0.4966075627806557,-1.0470673519997662,-1.1421994503019102,0.9150398491369803,-0.22715960116492984,1
0.044961226574407265,0.9670718338716409,-0.2502033443744726,0.23279887830654702,-1.5738765345436114,-1.383434903249101,0.38006295777588145,0.15064522885142886,-0.5361655013559657,2.6538497163923727,-1.217946518695378,0.0,-1.217946518695378,0
0.16500801538147303,0.9731305256535389,0.05782170359209341,0.09255431743353519,-0.3478730297917291,-0.9408726129320247,0.672089813185933,0.4626295778456069,2.1496856057874973,-1.1894582729730951,-1.1052487884794868,0.0,-1.1052487884794868,0
0.8049677259862006,0.09765595677002858,1.1357878222887714,0.4105865542918431,1.8186149170815835,0.9696167533337869,0.6721552296606639,0.381439812821775,1.4583984851286547,0.4363829242664636,1.0992576468981645,0.0,1.0992576468981645,1
0.8388889698401989,0.169107575266649,-0.0074703295262742745,1.0342324846629674,0.20663689761023954,-1.051928931276647,-0.9958375606599457,-1.0317874254169774,0.09093217725861238,0.7272709017353148,0.9472187086196504,0.0,0.9472187086196504,1
0.34120716687842034,0.3300827142878594,-1.5510501286745466,0.19739296767009137,-1.7869327549836798,1.9536257397647847,1.288219484163702,-1.2170714560054987,2.431144026454056,0.9720339525663754,-0.8265907733421205,1.0941029144087642,0.26751214106664367,0
0.5025753232859089,0.049395780379732024,-0.22997534611528953,-0.528753332569717,0.4614689642725142,0.4923761570113687,0.5849665262532042,-1.0746393741432707,-0.17698922371381604,0.36819450665201986,0.2622154879168103,0.0,0.2622154879168103,1
0.41870633491249665,0.3593120307149563,1.1535980609842014,-0.6919056334663841,0.8259726929982508,0.5874554878832333,-0.3769132824395731,1.0650902202684738,-1.108347671568919,-0.18757698039005852,0.9042015463396106,1.1230939841826615,2.027295530522272,1
0.48274549346323237,0.8595680764439928,0.0022324541023847344,-1.8581746074104855,0.19613552736499998,1.1229794373665445,-0.4647791757631054,1.0514365424038006,0.6674466884003648,-0.05583699557024127,1.2484645851864276,0.0,1.2484645851864276,1
0.047086790836675774,0.1769855075133563,0.5137623599766954,-0.42486466177083815,1.8351910680457988,-1.184762016571187,0.2108385659862886,0.5918883135796812,-0.08529002860642816,0.05757130274560047,0.4363338739039352,0.2899708504949424,0.7263047243988776,1
0.10939806697864718,0.3071759674653938,-0.25518936159409256,-0.8711478712232328,-0.2995219345903334,1.0125817530254269,-2.3973208381076083,-0.7106240997982615,0.004120009556081111,-1.4593944446529772,-1.6560315784464363,1.2852530692517103,-0.370778509194726,0
0.4816975657856728,0.8092849374772365,0.06785864178817631,0.21072635467773898,0.0018189035778160042,-0.22763052849287138,1.4985026347670785,0.6128265513186202,0.8835712421574478,-1.2752718483720957,0.11034470307853886,0.0,0.11034470307853886,0
0.028815580076028913,0.25305547328731137,-1.4811852700034167,-0.4285935274355363,0.22916518312768117,0.845449951519857,-1.2522382885123766,-0.20594390276246313,1.556210290645646,-0.2156621050750742,-0.9451180905597519,1.171043324926416,0.22592523436666412,1
0.4406382899927427,0.6241681329767087,-1.145096460975617,0.4711894834563551,-1.7887879799515578,-1.4044298165614502,-0.4718307479629567,-0.6119318200943145,-0.12499920679538962,1.0901797802274673,-1.2128799153986645,0.9830553856670339,-0.2298245297316306,0
0.8003390165604871,0.08473165457656673,-0.9647577128940945,-1.8489167516311462,-0.16836116329702033,0.9831188209420677,0.06922986557993975,-0.031140362171893178,-0.2163060928839245,-0.2159309934999587,-0.1681428264627463,0.0,-0.1681428264627463,1
0.42821204505711585,0.910198921971144,0.7689135725717122,-0.675756842627344,-1.5289671608961146,-0.07140464015958528,-1.3758465078808433,-0.520432164596703,-2.17322396329081,-1.9784615145761926,-0.2885907325582562,0.0,-0.2885907325582562,0
0.18820257674055196,0.5973466698082155,1.3387380324947749,1.0260957175018601,0.7852170823680334,1.0131409019651914,-0.20209057149912876,-1.1894747088694102,-0.006089651602118075,0.7137656049800232,1.220097984723144,0.0,1.220097984723144,1
0.38026147525979426,0.2060542678921572,0.2349461388660494,-0.4813382278516537,1.3423440473358053,2.4813154581291745,0.0595687424084822,-0.4546407850695968,1.0414480801984698,-0.1304228216972701,0.447447081736793,0.0,0.447447081736793,1
0.7716433300181428,0.047585609081232993,-0.29716583403735236,0.12082868739204414,0.9434888830714775,-0.16097134233241567,-0.5928323050110323,-1.0188090771978018,-1.1183963352332018,1.0110685108152229,0.05913015102544374,0.0,0.05913015102544374,1
0.902606046062192,0.12180479958864576,0.36254841975500474,-2.160205327646911,0.5929351513671997,-0.3899556122998065,0.7019546734479908,-1.5811856231559946,0.6230718132866483,2.3945455708674097,1.9767550018553133,0.0,1.9767550018553133,1
0.5594842427026978,0.3732505867095717,1.4482885463310966,-0.7346089125403369,-0.16656959057588452,1.0634971060421625,0.5899984041758609,0.780374798557496,-1.5502952058430737,0.6025707127222603,0.3047354757437646,0.9659054986923745,1.270640974436139,1
0.010997749479716101,0.13437831084835816,-1.9781788573873311,-1.2847176124678803,-0.08540940771122349,-0.6470610387453954,0.30288298899481236,-0.5293127438264962,0.14807865751649213,0.6619919605085133,-1.4601277483162152,0.0,-1.4601277483162152,0
0.5987504298050279,0.14491410325737375,1.4384445453811148,-0.21386100291508967,1.223841174700424,1.3242305123310791,-0.29517568648572057,-0.8404067603420734,-2.097759678263472,-0.009173634150115885,0.8404826772805633,0.0,0.8404826772805633,0
0.31047176221417283,0.07736168561141077,-0.9116292549988886,0.7203799547525473,0.01888794744242193,-1.6099855720985388,-0.07805165019779824,-1.456332891777295,-1.2990481658685122,-0.4447418872593788,-0.08166995288558995,0.0,-0.08166995288558995,1
0.18020990443804896,0.9023914665051155,0.6155226404646107,0.3171479324747247,1.3445345940672575,0.1260271343882636,-0.2232612291390492,-0.14978574901468203,-0.3358880361773585,0.7026393768878647,0.5434011859235163,0.0,0.5434011859235163,1
0.6621529265132848,0.2020901256480272,-0.18362774027601134,-0.5008545860028826,-0.2385172809667494,0.6957965378368952,-1.1364147801942333,-1.2457770509101738,0.6021947938031132,0.2727464570853274,-1.2064522251496403,0.0,-1.2064522251496403,0
0.1881329908285836,0.46482259253830616,0.583131525904993,-1.2098411405953164,0.47517765980093335,-1.1239448470625863,0.5075130447320921,-0.1089252630740421,-1.9183152862685395,-1.8335648121577721,0.8242876331622702,1.3415891546391427,2.165876787801413,1
0.4058154520865753,0.52703033501515,1.1888200612822304,0.26903936442788184,0.5483752021298421,0.34537652676528746,0.14792393352502073,0.2945874099362255,0.8664557503340602,0.5054622673204706,0.8747371948319062,1.351131775785281,2.2258689706171872,1
0.49287185500212427,0.7281591112708954,-0.3291540486840968,0.4278317415002225,1.3553547606783207,1.1882957816653021,0.6018104097983694,0.45317758196230057,0.07200281970265625,-0.1520713751727938,0.32833817554037165,0.0,0.32833817554037165,1
0.42567603815108035,0.8237235529407715,0.667812419901502,0.07974214627398941,-1.2840145191639334,-0.9293394229459097,-0.5687836246984105,0.7534456909018526,-0.47221602044857297,0.370578475698842,-0.3510005781666223,0.0,-0.3510005781666223,0
0.831372884132536,0.24491304493059085,1.5455810572777802,0.20518441164945114,-0.9979820605863045,-0.7119348895658897,0.01384449104939688,1.6921049654674813,1.2503884296176595,0.6671812949714697,-0.05495478200348405,0.0,-0.05495478200348405,0
0.37733409373071547,0.08974555036420895,-0.0437740075642669,-0.5481116893505887,0.6727570090661045,-0.22811074792556518,0.10060336963287109,-2.9105915173350936,0.668406959815978,-0.8892123903241156,0.2582786383853041,0.0,0.2582786383853041,0
0.05996620368710526,0.6265053923049809,0.6905197209285842,0.7074795734454101,0.7565376347337813,0.1968844962726219,-1.4084101433722878,0.18661299219394506,0.21511352349365626,-0.7793097941799658,0.6391617010557314,0.0,0.6391617010557314,1
0.9250179730595086,0.4242196681735244,-0.4028155664922432,-0.6403929817266864,1.2258538429060997,-1.435239948549044,-0.15787871133920198,-0.3026097525690248,-0.7127128928181851,-1.2325557666771696,0.19304851662551784,0.0,0.19304851662551784,1
0.3035780884803573,0.9544169685191863,1.869992152586906,-0.052424628683425255,-1.0682478912432505,0.4032226075102366,-0.729512402243834,-0.25519473045578833,-0.0551103527884445,-1.6695820717842653,0.004318301078883789,0.0,0.004318301078883789,1
0.315576887856291,0.30866059034955373,0.31804148850947683,-0.2448629075072567,0.6576737084962236,0.05035231147882364,1.3321610069140573,-0.975202790089491,-1.191100165386595,1.5332790348518863,0.4009578333614474,1.0197142167430526,1.4206720501045,1
0.2596357574611272,0.42694869060153284,-0.8820763574383139,-0.41389736325550724,0.21253390110687542,-0.7312299094955788,0.3257328326564842,0.5359363592072144,-0.6371098037750981,1.9690343275702087,-0.3243254194246404,1.4977402623725158,1.1734148429478755,1
0.20596383919462968,0.09376917456269895,-0.6442782051944012,-0.10228250585297681,0.12302214770696432,2.1484008272707227,-1.0989511345812375,1.0014719865973423,-0.6895153638978311,0.4624106553520567,-1.0251914252457233,0.0,-1.0251914252457233,0
0.2589398652771454,0.4093876785573256,-1.5363840511007698,-1.032406297252174,1.565376309111525,-1.5274740214253852,0.14892355183897732,-1.4634738212834113,-0.9873682772001028,0.5014456366281632,-0.35204104747271625,1.454612384783393,1.1025713373106767,1
0.10855281695406027,0.06993937245892479,-0.3302102924221722,-2.900098073197976,-0.007338121142181443,0.7861946799364569,-0.15668644663975959,1.0709081869484722,1.1134347121770278,1.5862056488626635,1.9241938245814967,0.0,1.9241938245814967,1
0.8970672671067564,0.21490294008143218,0.418491929333747,-1.5784190578785526,-1.5527209911198703,0.2498110956587575,-0.2571583090156911,2.1545821173767825,-2.0433651532240233,0.16001774333497643,0.20120667609504683,0.0,0.20120667609504683,1
0.7203175672726267,0.2686315033734338,0.45729219988225733,0.40928715652144415,-0.19971228873325497,2.0577968346222595,0.2382715336284461,-0.14806695245657198,-0.3532965174003487,-1.0651965668298646,-0.4211622495152601,0.0,-0.4211622495152601,1
0.1794416191597502,0.40767560207452913,0.14769084947283528,0.7747484962909749,0.7003582968139538,0.7570099291680267,-0.668566214750307,-0.8685135699467715,0.9976626740000044,0.7918170000530181,0.29604830332054205,1.4907307631555002,1.7867790664760423,1
0.08293012654993004,0.4288411672052306,0.07226847392070515,-0.5609136486598718,-0.6467459428399251,-0.09547280091485613,2.40188982036602,-0.5847908533509454,1.6447471743275741,-0.6181780538798053,-0.8394575726053494,1.3551624817149364,0.515704909109587,1
0.16452733377871065,0.1778233272511487,1.6245387139888905,0.5926784722712667,0.032975262925794016,-0.5448119273361649,-0.23260429507327665,0.4942949458439356,-0.7191142609745629,-0.06942643149018979,1.241400233339746,0.0,1.241400233339746,1
0.3489191765059334,0.8570645461343138,0.6956552838990103,-0.03378380698763985,1.3193217339519565,0.6477593539007575,-0.051601764492399595,-0.2465543484637211,-0.5785117029876716,2.131138681932915,0.5490275054692629,0.0,0.5490275054692629,1
0.06792285440929502,0.3202801412417863,0.507091484369122,0.37384170397702793,-1.0844852224461203,-0.07726509390661868,1.3686247911393028,-0.003433934772986439,-0.6671504921980214,0.5855450923140053,-0.6208868248737673,1.3667765763366908,0.7458897514629235,1
0.2197227538075538,0.1804485423552724,0.7155865297954674,-0.6537264248949937,-1.7569429057456032,0.7122039576042548,1.111527386471758,-2.01358305256689,1.07042231253526,0.3766541374121165,-0.0761389772040429,0.0,-0.0761389772040429,1
0.2251957552969278,0.5304969849080201,0.29915996184102117,-0.9219962215284448,0.1106283050514768,-0.05236489954345391,0.576094609878698,0.22025841473151883,-0.2639815722204604,0.4808639051954103,0.6426668538723692,1.1386540004868753,1.7813208543592445,1
0.32553173861191664,0.7105125043889916,2.5220677360548422,-1.7090196492442922,-1.8497064678779278,-0.20159828770983093,0.23851692070986563,1.1350551989875324,-1.5224282006190535,-1.1094617055301315,1.5109013633086399,0.0,1.5109013633086399,1
0.6169974354456682,0.14054718795581878,0.14615268315216465,1.1967244222105449,0.4424382061534779,-0.14110028882130385,0.07852981547730545,1.2205136058222639,-0.9209228981863504,-0.7054071125238793,0.777841544163415,0.0,0.777841544163415,0
0.9367575813022126,0.0952248024808976,-1.9048409947027667,1.7336356487400337,-0.856519826103706,-1.2165134668614204,-1.0022198558644098,0.9324617706412934,-0.2272506504328314,-0.17004071068694057,-0.412550762062031,0.0,-0.412550762062031,1
0.3971070380173872,0.32948732822298765,0.5376241049470706,0.23881743342014294,0.9418735906962988,-1.7663955190558918,1.9399900380822195,0.1021544958068316,0.6239977827862406,-1.3436801575973711,-0.7510857790549155,0.9977636822908971,0.2466779032359816,1
0.26658218077570606,0.015822382108846567,0.6510036024352389,0.12950489798689227,-0.30760193180804685,0.0560164432948915,2.0040183162663734,-0.3104310361296659,-0.5819946777824971,-1.293297206237634,-0.5078119350013472,0.0,-0.5078119350013472,0
0.9422849149016617,0.4476003077192603,-0.8518417693602865,0.05169278460624384,-0.8544828920510319,-0.9882693963577651,-0.630582457216962,0.8372115499695136,-0.30892310165488873,-0.10418405939330366,-1.147022826323024,0.4264882879910783,-0.7205345383319457,0
0.17734998246950484,0.9006743366052802,-0.7909149910494431,-1.2962014896556577,0.8481015740884197,-0.36274557426337456,0.13942454530665682,0.14997819260191267,-0.9188593587607546,1.8234476796517143,0.3424331130998359,0.0,0.3424331130998359,1
0.3214504889962917,0.389032388657385,1.2873606915514322,-1.0352231930453053,-3.089606882857777,-0.7781909758747292,0.8552992526665871,-1.0572456837932278,1.15600955176745,-2.5773000190579327,-0.05985547473394029,1.344625696402348,1.2847702216684076,1
0.7138188620917155,0.4738377890614478,-2.8298659847612355,0.30121675477717635,-0.4874758697103712,-1.0540074346713562,-2.934722535295501,-0.6555617805136522,0.7133374368608725,0.603724418047881,-1.2957623282833601,1.2324066530571598,-0.06335567522620034,1
0.4928817007361226,0.006387578979887398,-1.158377455466334,1.3368458507640848,2.242501765361395,-0.8016104717164928,2.0456127334018057,-0.16548462069360217,-0.21931594576152086,-0.18302633434076301,-0.3971433318411078,0.0,-0.3971433318411078,1
0.21863437413692444,0.35026533123140247,0.5243434976326244,-0.6225563264130158,0.8805500967336589,-1.093204360175134,-0.3025269143634066,-0.522157379875817,-0.30912588821291853,0.1741823843867485,0.728564279995515,1.319602846421966,2.048167126417481,1
0.401398371244128,0.755535492510316,-0.07646449900952494,0.28841736966178855,1.5859666337347131,-1.567193337629239,0.13517167280956413,0.8026286127167863,-0.3401170546518476,-1.2639561740889305,0.09272591270686496,0.0,0.09272591270686496,0
0.6036990627883413,0.17367893589784056,0.6207138105585053,-0.6662635302774224,-0.9038328501953117,1.3973756314606407,-1.3103906880648788,-1.0177812289903234,1.0026455482865027,-0.29362877005112503,-1.075816138889768,0.0,-1.075816138889768,0
0.24581081168955388,0.43359228321590126,-0.9404975713526026,-1.7391214939048796,-0.066758449616523,0.1352045610775217,0.033200273392434726,-0.8036470359024572,-0.5351957230462505,0.018550394457553257,-0.3213156098464919,1.4759698961260694,1.1546542862795777,1
0.08844111260987375,0.9953707304592658,-0.9061621334762306,-0.09639803522410902,-0.01777888987282146,-0.5392685287854531,1.2321577470898701,-1.4321558815400983,-2.7528322262149016,0.13486955275428825,-1.6425906877638095,0.0,-1.6425906877638095,0
0.3298904692629534,0.6977760128081398,-0.6556373635667028,-2.2202564393102713,0.17573774079815957,0.7772554779360568,-0.516034392983249,0.6143492118960521,-0.051940496121739045,1.0964032963421497,1.470611295894538,0.0,1.470611295894538,1
0.14006485535111457,0.69514997733038,-0.1636346622343084,-0.0668324028161822,0.9752154640524232,-1.340193404173947,-1.1743886131247967,1.122228162745668,-0.5264951012790045,0.7513297560727564,0.6660438974431598,0.0,0.6660438974431598,1
0.4004711985810302,0.042111984504016986,-1.209557452170334,0.6778124123258217,-0.7149507151793539,0.8231484308247424,-2.056350846481073,0.4921098196962102,0.04900083918402208,0.4290931902403594,-2.0183736614537513,0.0,-2.0183736614537513,0
0.6798385190003527,0.32900805967258484,1.252343943109614,1.5058841249592436,-1.1768015067820399,0.16846224354141393,0.3835784485711071,-0.3650619759095384,1.1181580822047916,0.5071648324947755,0.6216336649477618,0.0,0.6216336649477618,1
0.5327801285270893,0.4947483399204605,0.9264388427082072,-1.411558361500363,2.399801321117218,1.428475299755289,-1.7608946804288783,1.0135149536845807,-1.3541248527868683,-0.9972373341803267,0.49649293324327626,1.4628125354290908,1.9593054686723672,1
0.08238621628381781,0.8448703683151274,-0.21652866651832456,0.3181573194230119,0.490758721783762,-1.0186529218448575,1.0300259324546153,0.6876013184279157,1.0393616066909837,-0.46631389705345816,-0.28170460142949716,0.0,-0.28170460142949716,1
0.012805809341101426,0.36825123350493827,0.7608983003993156,-0.7064259660503036,-0.6103195712936834,-1.0571907094779913,0.07838710270798491,-0.7069010090925151,0.2964710761477891,1.5499477770635253,-0.3434190805693915,1.4645270951261644,1.121108014556773,1
0.09118336365382784,0.4996849842428944,0.2324594578071453,0.7639186755889096,0.26642119073642423,-0.43208601616419734,-1.2038151443101759,0.7109047875586472,-0.1755720902210971,0.6625888842620453,0.7095045077109438,1.0938501490728356,1.8033546567837795,1
0.14835491003901513,0.5699097372640965,0.2519980883521316,0.5907694463551844,-0.6628362340743107,0.3207644568772422,-0.02324480731885617,0.569490194999267,0.20284729846267535,0.9654124169721502,-0.6482013777197114,0.6655800164212493,0.017378638701537885,0
0.2256033790098445,0.3406952315540188,0.08819219666055994,0.3628593790391715,0.7646296311046288,0.09340659943002651,1.5169139215112586,1.3332568186994813,-2.218566694031603,-1.853652917285254,0.3287772902625733,1.2806240987074489,1.609401388970022,1
0.9822707091351768,0.29058156634691334,0.3321491780177894,0.8599367094937321,-0.25022768998508055,1.1934869847014833,-1.2414882042776434,-0.862709917639203,1.4514940649832333,0.2601159823932708,-0.9986553499915956,0.0,-0.9986553499915956,0
0.8164243962207598,0.298165745268292,0.7104023700369588,2.0447760816343816,0.6725344224629164,-0.12927253956147527,1.3588404669114833,-0.6264248592758577,0.4948092136128309,0.12067765055854761,2.025665304044967,0.0,2.025665304044967,1
0.3448073155445822,0.5436820812302765,-0.6027349664527211,0.3685341330164814,0.7005929918458954,0.5579656529401689,2.7000400783834646,-0.9808499138807759,0.40672486277393216,-0.03973097745184321,0.44974942641947757,1.2326640725569176,1.6824134989763952,1
0.44103660771239594,0.27738812331200013,-0.5340995521241038,0.12505162661145855,-0.059885693714296924,0.12274667253479253,-0.9893163344445409,1.0346499381754413,0.07724265804631111,-1.4049715358099926,-1.2397857796982237,0.0,-1.2397857796982237,0
0.7331172487755883,0.08597487229746714,-2.2213475128207762,-0.3274248420550123,2.1415390196226345,-1.0435357825729557,-0.04344938278456247,0.7572089578370971,-1.4976442634861915,0.22816681913571554,-0.9751912926946894,0.0,-0.9751912926946894,0
0.4183751276984933,0.9824081870600869,-1.4612110221570673,0.773549040363449,-0.720888297927878,0.6413966519476836,-0.6459884753442461,0.6007004845620416,0.3297780920649535,-0.2778220280119381,-1.6401751505991553,0.0,-1.6401751505991553,0
0.12501946520240348,0.021441209484111212,-0.12401052593808838,1.5138991396690407,-1.766780029502921,0.18838137515537579,0.4516029294792371,0.06945915805066818,-0.19134783613511172,1.386476534483111,-0.11302855558805742,0.0,-0.11302855558805742,0
0.964298581859713,0.19225000750588972,-0.16219316763238156,0.9952874372819033,1.6427684426590001,-0.6992416476898904,0.523263705505514,-0.1731143771763129,0.8663905252071149,1.1908292353813248,0.31996608531575993,0.0,0.31996608531575993,1
0.13946741596081869,0.04032929688678755,-1.3761127424039554,0.3194744714211754,-0.5281393006784285,-0.01204692086419636,-1.443510321215124,1.2818265841854037,-0.5995300956048977,1.191825351639776,-1.6172399037456424,0.0,-1.6172399037456424,0
0.7307229526335575,0.15695267047070582,2.0743012358493673,-0.5413107750748914,1.1190991159944443,1.6564332053457451,-3.1593060290077317,0.9471134628387019,-0.021287531761662325,-0.2155996303510905,-0.483895759125345,0.0,-0.483895759125345,0
0.7714100468519809,0.33010256162057905,-0.991174192863268,0.45320523232724824,0.4775199269671345,0.8948020937947008,-0.09215752996341463,-1.340345286327475,0.6473234117346928,1.4859300327771945,-0.3148105668098671,0.0,-0.3148105668098671,1
0.2956062342872492,0.41192777701196537,-0.8923829833629797,-0.13377530236949378,0.20592797793467754,-0.17112769503847833,1.0173329495504508,0.28043239627713307,0.34677028862177695,-1.9152407413903076,-0.36243692257791527,1.4324581597963046,1.0700212372183895,1
0.2197471942574034,0.9600332124838009,0.14857034236502303,0.7203224017609048,-1.0756680138230803,1.6152544776396986,-0.2239324369318674,0.08070011345375502,1.0976711668672625,0.6257422806234918,-0.7716969720721928,0.0,-0.7716969720721928,0
0.42759350036386834,0.2633982130880521,-1.0647061758458523,-1.204323534585403,1.550616644993133,-1.2740431398635046,-0.5843321958892675,-2.1623816000994265,0.6065826599913151,-0.12336687674919174,0.39866746192839975,0.0,0.39866746192839975,1
0.7521949718059252,0.2692531774047403,-0.6272259486933198,0.8897203099500312,-0.028463628547789346,0.04196031391099936,1.1249381458708776,-0.9502747671456105,-1.4217831572362438,1.122306422421116,-0.9470252924156582,0.0,-0.9470252924156582,0
0.25517132871493353,0.866845748132584,-0.6306402768191285,-0.45759449114533246,0.2628916736467175,0.9499378319405846,0.5478911096084409,1.0517300942291696,-1.4565618946304035,-0.2701388578058385,0.10263615091570401,0.0,0.10263615091570401,1
0.4993847162187378,0.9449750405805736,0.35117674737572463,0.2372883783628123,1.6362158001298883,0.39552356267074834,-0.4651983065910979,1.6308684468564207,1.8073177335524224,0.054704566497055414,0.32638730889977474,0.0,0.32638730889977474,1
0.10535938353261631,0.6319305338267649,-0.256428412386446,1.1055251857608497,0.9251048846963351,-0.626642099853189,0.03778153873669972,1.3758266147655704,-0.5859237713592109,-0.2585973124303259,0.47725488425797735,0.0,0.47725488425797735,1
0.0535731793072417,0.07201016457061826,-0.75175065173228,-1.9767927422826972,0.4770283660954343,-0.8718503291587382,0.24893350517296314,1.4685776884927457,-0.17878079040118822,0.13976021166252744,1.1134625380372376,0.0,1.1134625380372376,1
0.18481552196885465,0.93400279102955,-0.34553726316885996,1.0222284496599898,0.3772448185316472,0.08313143062638643,1.3719231938552627,-1.1511689243474212,1.2375352814751435,1.0548689108677338,0.41426899818474816,0.0,0.41426899818474816,1
0.14569946157413827,0.3063444316880126,0.9817891015775334,1.4620610484654901,-0.28816295863393776,-1.515382636284436,0.36191175484138255,1.0055294530233516,-0.5710299561158236,-0.47082854499770166,0.20374096740197625,1.2434354798319314,1.4471764472339077,1
0.36076441073938503,0.8120288933934054,-0.8214505405029783,-0.23174791851128854,-0.6466208253964729,0.13340023986820165,-0.13709526930543084,0.41903357237053557,-0.538700772312677,0.683342172365701,-1.3451948130629143,0.0,-1.3451948130629143,0
0.3517881084953848,0.29046462932664685,0.5551271384284809,-0.36406568889392293,0.035152097724463094,0.49257295854524613,-0.49124337453285966,0.7973676114126936,-1.5971545330535497,1.6180153243506887,0.4442997625241241,0.7972280467608464,1.2415278092849704,1
0.4453220881494392,0.9985898634066366,-0.5624695956300301,0.7914672011516876,0.8889984700681745,-0.9249828975222699,0.9819962496734491,0.38529583663387906,-0.3576526555878976,-0.36155219467398725,-0.22816761926780507,0.0,-0.22816761926780507,1
0.31866374358447247,0.36221509298383747,0.27483812957770104,-0.6662046319017657,1.537288055102818,-0.8178771036700875,0.8291671746739401,0.2024991779889015,0.11236745245345077,0.5215571063391548,0.24595308855078382,1.258004326955776,1.5039574155065598,1
0.5932757345945789,0.462422631180361,-0.054569885438951235,-0.8180550673120123,1.378761897577073,-0.8553108650403548,-0.5046616751880557,0.3194682258658536,2.333060890101865,1.366208594729228,0.551865637916308,1.3188431648425603,1.8707088027588683,1
0.10289555070586653,0.07419684235827062,-2.3012562274773085,-0.9146250126248274,1.21179646775941,-0.6252989517237806,-0.04450607627006828,-1.13346125122673,0.7951530696029802,-0.6862161653746092,-0.7598862903823028,0.0,-0.7598862903823028,0
0.17291369091601427,0.33241625735386504,0.05992514804153812,0.26461944852759633,2.590166188408969,-1.027941377534697,-0.6333958966669667,0.7295597395706706,0.044762758434707825,1.4901783874542667,0.47621363881768847,1.3060971562538188,1.7823107950715074,1
0.8762455889659632,0.27197823721111625,-0.27890039661627186,-1.555691670818598,-1.9622574962655184,-0.7796812621278665,-0.6400361843721518,-1.4685857189683922,0.9180771210733754,0.5285740110420821,-0.0003119905549643708,0.0,-0.0003119905549643708,0
0.2312321344264846,0.9555598349037019,-0.20773409648863883,0.7535411913302112,0.7864147240795492,0.3034700988035105,0.47948604087787,-0.5246484523835107,0.22264320887404163,0.8400210366895138,0.32735437957689284,0.0,0.32735437957689284,0
0.3570100905714215,0.3306460954226106,-2.0294982486681006,0.289877619354035,-0.9570784593474874,-0.428114783859256,-1.6460646441513527,1.9640506752186462,1.2073577807778353,-0.7169108502724989,-1.7302825795225079,1.072732648315357,-0.6575499312071509,0
0.9657234909066607,0.2452244272147156,1.921750587125557,0.12503889046034544,-0.15569950769400498,-0.4650805276793925,2.0929667117382356,1.1399983553874957,-0.034643995476557304,-1.9662358124965758,-0.20980851399060038,0.0,-0.20980851399060038,1
0.8552037830614568,0.059757151063200675,1.3946038492604815,0.7841175212445525,1.0044283300306156,2.782105126723334,-1.8636070946800287,-0.4446950494922646,1.0363341022061994,-0.2986207854431145,-0.7200552619517404,0.0,-0.7200552619517404,0
0.1111539282904841,0.07400807965016887,2.2335810587348868,-0.6028665868560642,0.6225104900812785,1.3653076477611699,-1.0994016247655407,-0.0583202202101998,0.15004528469626194,-0.03897581384645872,0.9860697200752682,0.0,0.9860697200752682,1
0.5006065173406616,0.4320137768897365,1.2324144646130633,0.17604137915545162,-0.03666864979921678,-0.6693635739197374,0.10432616001691271,0.564452429630085,0.8074748983072614,-1.2532776790349116,-0.2516659467725002,1.3103465630234725,1.0586806162509723,0
0.41550885756106437,0.12409487953339793,0.4544509009593968,-0.4631387782463427,-1.046799559899651,-0.08239946527389555,-3.476719003971557,-1.0149902336811818,1.044289320110657,-0.19172833429660482,-0.47976252619667775,0.0,-0.47976252619667775,0
0.3476748645299853,0.28399415550039697,2.807971490066815,1.3888458057961366,0.5369994862986228,-1.0829654096445434,-1.0632272684443231,1.3307512831939179,0.009456713820352755,-1.8301118976434656,2.8335667650399694,0.737355113885905,3.5709218789258745,1
0.9857675359924551,0.11029450975213284,-0.6330026518693093,0.45111607894931116,-0.2981540891613575,-1.756963298378507,0.436073344050881,-0.309215698963907,0.7263220360990327,1.1674969328626925,-1.4599133001128612,0.0,-1.4599133001128612,0
0.21450808661751553,0.610114867135156,-0.8687676174695593,0.44405603122547116,-0.31530062092267774,-0.4336729243537159,-1.3947599845254375,-0.5235088760945139,0.1586990411390555,-0.34658291942457836,-1.0921709731004412,0.0,-1.0921709731004412,1
0.6860194882771233,0.39346967362728724,0.8020532603694361,-1.7748161282764865,0.49947422837420685,0.3749741743383839,-1.0788529538359408,0.06757032009397092,1.3091603095344344,1.1248231841309786,1.6173777146913162,0.8247328250054764,2.4421105396967926,1
0.1549228006772979,0.7816208879708774,0.44592273343393984,-0.7984133659289796,-1.0098187525448399,0.6694995585895863,1.5611834563379725,0.6870383817547348,0.4261644194752611,-0.04499236306040487,-0.05461151115862121,0.0,-0.05461151115862121,0
0.2101973438633179,0.2263784674419559,0.5753705898165056,0.910169613381525,-0.38370756505803993,-1.469620540383206,1.1811520561559126,0.12610743489221,-0.0012307619764936177,-0.8238248949383307,-0.9260558333480393,0.33298407549016096,-0.5930717578578784,1
0.7297433397555397,0.2614285768492668,1.5404227268475743,-0.5410875926110243,-2.8481099262075755,1.0639764596356283,0.5766856781130557,1.0012132288866775,-0.10832230243894744,-1.7291213669299759,0.26016020353431524,0.0,0.26016020353431524,1
0.7025370656064363,0.02954617658865366,0.3989814721113511,0.049313579286386446,-1.2697350252346105,0.3352479851362759,-0.19590974832695582,1.1019363206381794,1.8849822431328234,-0.5918554318715847,-0.7152431109244548,0.0,-0.7152431109244548,0
0.7951899942989209,0.2692706983659843,-0.1309678505787886,-2.1655592579206373,0.9068536208648424,1.1430580908349481,-0.3651067249386207,1.7428544806184558,1.2472688664203715,-0.8784838168146841,1.6636958947741534,0.0,1.6636958947741534,1
0.2141322514444638,0.43516018125638134,0.6739423847862621,0.787261687627694,-1.7099531232660534,-0.5301943678030084,-0.3200428377939812,0.7441978025477544,0.5819596004407639,-0.7639176572896273,-0.25508513450191256,1.4478193738948864,1.1927342393929738,1
0.6943503267468008,0.48079272669657735,1.3463463782488778,-0.7264949868485069,0.7372149602363294,-2.3052025448433984,-0.38211308823451456,-0.5392838602592653,-0.5765329791744419,0.06333830893891139,1.4281184326619152,1.2787974687454433,2.7069159014073585,1
0.5654840973313996,0.13842461056815103,0.12610671944745172,-0.30004350180645145,-0.5212924060804626,-0.6071335956753211,0.6423887443894736,-1.2733335494243145,-1.3524901083166176,-1.1607287002970503,-0.9502244276836472,0.0,-0.9502244276836472,0
0.2051544512137885,0.016770048212728317,-0.6784844868497264,-1.7201415712357653,-0.8702985311406795,-0.0899098699205039,0.3261301179087851,-1.9983559723944317,0.9339574388275926,1.5378480808194042,-0.2145457697141852,0.0,-0.2145457697141852,0
0.3657025974141367,0.45486637680291997,0.41406767744665407,0.9903846344253457,1.9704336478142173,1.9974384977671709,0.6762275493564724,0.35759220703945804,0.37320000312815355,1.106995183373739,1.2551795600626747,1.4882935419597363,2.743473102022411,1
0.9184854731221775,0.4807974470542372,0.5181338008807739,0.6282760606213776,-0.9736093374893406,0.9382481876681348,2.0621013760586115,1.5726126139737564,-1.4067823045679655,-0.9996767865858032,0.22004386187318684,0.9648776448817575,1.1849215067549443,1
0.7391655767666213,0.43872549798235394,0.6787853197424324,-0.30955799857119237,1.3842100089989064,0.39976748027073505,-1.4207620062506436,-1.9010690485857826,-0.1806901363783107,-0.7137437913779675,0.37983759422154556,1.0369800976432033,1.4168176918647488,1
0.5483102821796046,0.39830371072438986,0.5461972026963455,0.5168625094638712,-0.915707885270391,-1.3036862485486473,1.2567899479840483,0.8556216588062331,0.8285485338465363,-0.3753341659556416,-1.1106918405329924,1.1236134779359046,0.01292163740291219,1
